Restaurant Name,Business Email,City,Region/State,Country,Website,Source URL,Needs Verification
Le Jules Verne,reservation.jv@lejulesverne-paris.com,Paris,Île-de-France,France,https://www.restaurants-toureiffel.com/en/jules-verne-restaurant.html,https://www.restaurants-toureiffel.com/en/jules-verne-restaurant.html,
Le Train Bleu,reservation.trainbleu@ssp.fr,Paris,Île-de-France,France,https://www.le-train-bleu.com,https://www.le-train-bleu.com/en/,
Girafe,contact@girafe-restaurant.com,Paris,Île-de-France,France,https://girafe-restaurant.com/paris/,https://girafe-restaurant.com/paris/,
Mun,contact@restaurant-mun.com,Paris,Île-de-France,France,https://restaurant-mun.com,https://restaurant-mun.com/paris/contact-us/,
Bel Canto,paris@lebelcanto.com,Paris,Île-de-France,France,https://www.lebelcanto.com,https://www.annuaire-france.net/Annuaire/Activite.php?activite=Restaurants,
Restaurant Tipaza,tipaza@neuf.fr,Paris,Île-de-France,France,https://www.tipaza.fr,https://www.annuaire-france.net/Annuaire/Activite.php?activite=Restaurants,
Hotel Lutetia,contact@hotellutetia.com,Paris,Île-de-France,France,https://www.hotellutetia.com,https://www.annuaire-france.net/Annuaire/Activite.php?activite=Restaurants,
Le Wepler,restaurant@wepler.com,Paris,Île-de-France,France,https://www.wepler.com,https://www.annuaire-france.net/Annuaire/Activite.php?activite=Restaurants,
Langousta Passy,restaurantlangousta@gmail.com,Paris,Île-de-France,France,https://www.livraisons-fruits-mer-langousta-paris.fr,https://www.annuaire-france.net/Annuaire/Activite.php?activite=Restaurants,
Villa Medici Da Napoli,villamedici@outlook.fr,Paris,Île-de-France,France,https://www.restaurant-villa-medici.com,https://www.annuaire-france.net/Annuaire/Activite.php?activite=Restaurants,
Villa Papillon,villa_papillon@yahoo.com,Paris,Île-de-France,France,https://www.villapapillonparis.com,https://www.annuaire-france.net/Annuaire/Activite.php?activite=Restaurants,
Kok Ping Champs Elysees,restaurantkokping@gmail.com,Paris,Île-de-France,France,https://kokping.fr,https://www.annuaire-france.net/Annuaire/Activite.php?activite=Restaurants,
Chez Michel,chez-michel@wanadoo.fr,Paris,Île-de-France,France,https://www.chez-michel.fr,https://www.annuaire-france.net/Annuaire/Activite.php?pageNum_re_aff_dernier_anscri_index=1&totalRows_re_aff_dernier_anscri_index=798&activite=Restaurants,
Le Timgad,contact@timgad.fr,Paris,Île-de-France,France,https://www.timgad.fr,https://www.annuaire-france.net/Annuaire/Activite.php?pageNum_re_aff_dernier_anscri_index=1&totalRows_re_aff_dernier_anscri_index=798&activite=Restaurants,
Pizza Flora,b.andrawis@gmail.com,Paris,Île-de-France,France,https://www.pizza-flora.fr,https://www.annuaire-france.net/Annuaire/Activite.php?pageNum_re_aff_dernier_anscri_index=1&totalRows_re_aff_dernier_anscri_index=798&activite=Restaurants,
Cafe du Commerce,bellebenoit@me.com,Paris,Île-de-France,France,https://www.cafe-du-commerce-paris13.fr,https://www.annuaire-france.net/Annuaire/Activite.php?pageNum_re_aff_dernier_anscri_index=1&totalRows_re_aff_dernier_anscri_index=798&activite=Restaurants,
L'Entracte Opera,edenentracte@gmail.com,Paris,Île-de-France,France,https://www.entracte-opera.fr,https://www.annuaire-france.net/Annuaire/Activite.php?pageNum_re_aff_dernier_anscri_index=1&totalRows_re_aff_dernier_anscri_index=798&activite=Restaurants,
Le Caroubier,contact@lecaroubier.com,Paris,Île-de-France,France,https://www.restaurant-lecaroubier.com,https://www.annuaire-france.net/Annuaire/Activite.php?pageNum_re_aff_dernier_anscri_index=1&totalRows_re_aff_dernier_anscri_index=798&activite=Restaurants,yes
Substance,contact@substance.paris,Paris,Île-de-France,France,https://www.substance.paris,https://www.annuaire-france.net/Annuaire/Activite.php?pageNum_re_aff_dernier_anscri_index=1&totalRows_re_aff_dernier_anscri_index=798&activite=Restaurants,
L'Armandie,contact@armandie.com,Paris,Île-de-France,France,https://www.armandie.com,https://www.annuaire-france.net/Annuaire/Activite.php?pageNum_re_aff_dernier_anscri_index=1&totalRows_re_aff_dernier_anscri_index=798&activite=Restaurants,
Arlecchino,arlecchino32@gmail.com,Paris,Île-de-France,France,https://www.pizzaarlecchino.fr,https://www.annuaire-france.net/Annuaire/Activite.php?pageNum_re_aff_dernier_anscri_index=1&totalRows_re_aff_dernier_anscri_index=798&activite=Restaurants,
Villa Dondelli,villa.dondelli@gmail.com,Paris,Île-de-France,France,https://www.villa-dondelli.fr,https://www.annuaire-france.net/Annuaire/Activite.php?pageNum_re_aff_dernier_anscri_index=2&totalRows_re_aff_dernier_anscri_index=798&activite=Restaurants,
Tounsia,tounsiarestaurant@gmail.com,Paris,Île-de-France,France,https://www.tounsia.fr,https://www.annuaire-france.net/Annuaire/Activite.php?pageNum_re_aff_dernier_anscri_index=2&totalRows_re_aff_dernier_anscri_index=798&activite=Restaurants,
L'Evasion,restaurantlevasion@orange.fr,Paris,Île-de-France,France,https://www.restaurant-levasion.com,https://www.annuaire-france.net/Annuaire/Activite.php?pageNum_re_aff_dernier_anscri_index=2&totalRows_re_aff_dernier_anscri_index=798&activite=Restaurants,
Le Relais de l'Entrecote,restg@orange.fr,Paris,Île-de-France,France,https://www.relaisentrecote.fr,https://www.annuaire-france.net/Annuaire/Activite.php?pageNum_re_aff_dernier_anscri_index=2&totalRows_re_aff_dernier_anscri_index=798&activite=Restaurants,
Au Pied de Cochon,reservationpieddecochon@blanc.net,Paris,Île-de-France,France,https://www.pieddecochon.com,https://www.annuaire-france.net/Annuaire/Activite.php?pageNum_re_aff_dernier_anscri_index=2&totalRows_re_aff_dernier_anscri_index=798&activite=Restaurants,
Dessirier,reservation@restaurantdessirier.com,Paris,Île-de-France,France,https://www.restaurantdessirier.com,https://www.annuaire-france.net/Annuaire/Activite.php?pageNum_re_aff_dernier_anscri_index=2&totalRows_re_aff_dernier_anscri_index=798&activite=Restaurants,
Sanki,sanki@orange.fr,Boulogne-Billancourt,Île-de-France,France,http://restaurant.sanki.free.fr,https://www.annuaire-france.net/Annuaire/Activite.php?pageNum_re_aff_dernier_anscri_index=40&totalRows_re_aff_dernier_anscri_index=798&activite=Restaurants,
Djakarta Bali,contact@djakarta-bali.com,Paris,Île-de-France,France,https://www.djakarta-bali.com,https://www.annuaire-france.net/Recherche/recherch_par_activite_ville.php?activite=Restaurants&ville=Paris,
Le Marivaux,lemarivauxparis@gmail.com,Paris,Île-de-France,France,https://www.lemarivaux.com,https://www.annuaire-france.net/Recherche/recherch_par_activite_ville.php?activite=Restaurants&ville=Paris,
Bal du Moulin Rouge,information@moulinrouge.fr,Paris,Île-de-France,France,https://www.moulinrouge.fr,https://www.annuaire-france.net/Recherche/recherch_par_activite_ville.php?activite=Restaurants&ville=Paris,
Presto Fresco,contact@prestofresco.fr,Paris,Île-de-France,France,https://www.prestofresco.fr,https://www.annuaire-france.net/Recherche/recherch_par_activite_ville.php?activite=Restaurants&ville=Paris,
Moom Mam,moommam.reservations@gmail.com,Paris,Île-de-France,France,https://www.moommam.fr,https://www.annuaire-france.net/Recherche/recherch_par_activite_ville.php?pageNum_Re_av=1&totalRows_Re_av=199&activite=Restaurants&ville=Paris,
Vin et Maree,vin-et-maree@orange.fr,Paris,Île-de-France,France,https://vin-et-maree.restaurant,https://www.annuaire-france.net/Recherche/recherch_par_activite_ville.php?pageNum_Re_av=1&totalRows_Re_av=199&activite=Restaurants&ville=Paris,
Restaurant Bon,reservation@restaurantbon.fr,Paris,Île-de-France,France,https://www.restaurantbon.fr,https://www.annuaire-france.net/Recherche/recherch_par_activite_ville.php?pageNum_Re_av=1&totalRows_Re_av=199&activite=Restaurants&ville=Paris,
Restaurant H,contact@restauranth.com,Paris,Île-de-France,France,https://www.restauranth.com,https://www.annuaire-france.net/Recherche/recherch_par_activite_ville.php?pageNum_Re_av=1&totalRows_Re_av=199&activite=Restaurants&ville=Paris,
Le Tresor,restaurantletresor@gmail.com,Paris,Île-de-France,France,https://www.restaurantletresor.com,https://www.annuaire-france.net/Recherche/recherch_par_activite_ville.php?pageNum_Re_av=1&totalRows_Re_av=199&activite=Restaurants&ville=Paris,
Spoon,restaurant.spoon@ducasse-paris.com,Paris,Île-de-France,France,https://www.spoon-restaurant.com,https://www.annuaire-france.net/Recherche/recherch_par_activite_ville.php?pageNum_Re_av=1&totalRows_Re_av=199&activite=Restaurants&ville=Paris,
Park Hyatt Paris Vendome,paris.vendome@hyatt.com,Paris,Île-de-France,France,https://www.parkhyattparisvendome.com,https://www.annuaire-france.net/Recherche/recherch_par_activite_ville.php?pageNum_Re_av=1&totalRows_Re_av=199&activite=Restaurants&ville=Paris,
Fratelli,pizzeria.fratelli@sfr.fr,Paris,Île-de-France,France,,https://www.annuaire-france.net/Recherche/recherch_par_activite_ville.php?pageNum_Re_av=1&totalRows_Re_av=199&activite=Restaurants&ville=Paris,
Le Zeyer,brasserielezeyer@wanadoo.fr,Paris,Île-de-France,France,https://www.brasserielezeyer.com,https://www.annuaire-france.net/Recherche/recherch_par_activite_ville.php?pageNum_Re_av=1&totalRows_Re_av=199&activite=Restaurants&ville=Paris,
Noura Opera,contact@noura.com,Paris,Île-de-France,France,https://www.noura.com,https://www.annuaire-france.net/Recherche/recherch_par_activite_ville.php?pageNum_Re_av=1&totalRows_Re_av=199&activite=Restaurants&ville=Paris,
Le Procope,c.boisguerin@groupe-bertrand.com,Paris,Île-de-France,France,https://www.procope.com,https://www.annuaire-france.net/Recherche/recherch_par_activite_ville.php?pageNum_Re_av=1&totalRows_Re_av=199&activite=Restaurants&ville=Paris,
Le Beurre Noisette,restaurantlebeurrenoisette@orange.fr,Paris,Île-de-France,France,https://www.restaurantbeurrenoisette.com,https://www.annuaire-france.net/Recherche/recherch_par_activite_ville.php?pageNum_Re_av=1&totalRows_Re_av=199&activite=Restaurants&ville=Paris,
Manko,contact@manko-restaurant.com,Paris,Île-de-France,France,https://www.manko-paris.com,https://www.annuaire-france.net/Recherche/recherch_par_activite_ville.php?pageNum_Re_av=1&totalRows_Re_av=199&activite=Restaurants&ville=Paris,
Jeroboam,yann.breizh@hotmail.fr,Paris,Île-de-France,France,https://www.lejeroboam.fr,https://www.annuaire-france.net/Recherche/recherch_par_activite_ville.php?pageNum_Re_av=1&totalRows_Re_av=199&activite=Restaurants&ville=Paris,
La Luna,contact@restaurantlaluna.com,Paris,Île-de-France,France,https://www.restaurantlaluna.com,https://www.annuaire-france.net/Recherche/recherch_par_activite_ville.php?pageNum_Re_av=1&totalRows_Re_av=199&activite=Restaurants&ville=Paris,
Le Clarence,h.desplanques@le-clarence.paris,Paris,Île-de-France,France,https://www.le-clarence.paris,https://www.annuaire-france.net/Recherche/recherch_par_activite_ville.php?pageNum_Re_av=1&totalRows_Re_av=199&activite=Restaurants&ville=Paris,
Restaurant Philippe Excoffier,restaurant.excoffier@gmail.com,Paris,Île-de-France,France,https://www.philippe-excoffier.fr,https://www.annuaire-france.net/Recherche/recherch_par_activite_ville.php?pageNum_Re_av=1&totalRows_Re_av=199&activite=Restaurants&ville=Paris,
Le Grand Vefour,resa.gvefour@orange.fr,Paris,Île-de-France,France,https://www.grand-vefour.com,https://www.annuaire-france.net/Recherche/recherch_par_activite_ville.php?pageNum_Re_av=1&totalRows_Re_av=199&activite=Restaurants&ville=Paris,
La Tour d'Argent,resa@tourdargent.com,Paris,Île-de-France,France,https://www.tourdargent.com,https://www.annuaire-france.net/Recherche/recherch_par_activite_ville.php?pageNum_Re_av=1&totalRows_Re_av=199&activite=Restaurants&ville=Paris,
Rural by Marc Veyrat,info@rural-paris.com,Paris,Île-de-France,France,https://www.rural-paris.com,https://www.annuaire-france.net/Recherche/recherch_par_activite_ville.php?pageNum_Re_av=1&totalRows_Re_av=199&activite=Restaurants&ville=Paris,
Cafe Rive Droite,caferivedroite@live.fr,Paris,Île-de-France,France,https://www.caferivedroite.com,https://www.annuaire-france.net/Recherche/recherch_par_activite_ville.php?pageNum_Re_av=1&totalRows_Re_av=199&activite=Restaurants&ville=Paris,
Cafe Prunier,info@prunier.com,Paris,Île-de-France,France,https://www.prunier.com,https://www.annuaire-france.net/Recherche/recherch_par_activite_ville.php?pageNum_Re_av=1&totalRows_Re_av=199&activite=Restaurants&ville=Paris,
Sofitel Paris Le Faubourg,h1295@sofitel.com,Paris,Île-de-France,France,https://www.sofitel-paris-lefaubourg.com,https://www.annuaire-france.net/Recherche/recherch_par_activite_ville.php?pageNum_Re_av=1&totalRows_Re_av=199&activite=Restaurants&ville=Paris,
Pizzeria Popolare,love@bigmamma.fr,Paris,Île-de-France,France,https://www.bigmammagroup.com,https://www.annuaire-france.net/Recherche/recherch_par_activite_ville.php?pageNum_Re_av=1&totalRows_Re_av=199&activite=Restaurants&ville=Paris,
Restaurant Pompei,fantilli.giampiero@gmail.com,Paris,Île-de-France,France,https://www.restaurant-pizzeria-paris8.fr,https://www.annuaire-france.net/Recherche/recherch_par_activite_ville.php?pageNum_Re_av=1&totalRows_Re_av=199&activite=Restaurants&ville=Paris,
Neko Ramen,hello@nekoramen.fr,Paris,Île-de-France,France,https://www.nekoramen.fr,https://www.annuaire-france.net/Recherche/recherch_par_activite_ville.php?pageNum_Re_av=1&totalRows_Re_av=199&activite=Restaurants&ville=Paris,
Coya Paris,info@coyarestaurant.com,Paris,Île-de-France,France,https://www.coyarestaurant.com,https://www.annuaire-france.net/Recherche/recherch_par_activite_ville.php?pageNum_Re_av=1&totalRows_Re_av=199&activite=Restaurants&ville=Paris,
Le Mesturet,contact@lemesturet.com,Paris,Île-de-France,France,https://www.lemesturet.com,https://www.annuaire-france.net/Recherche/recherch_par_activite_ville.php?pageNum_Re_av=1&totalRows_Re_av=199&activite=Restaurants&ville=Paris,
Rooftop Molitor,h7326-pr@accor.com,Paris,Île-de-France,France,https://www.mltr.fr,https://www.annuaire-france.net/Recherche/recherch_par_activite_ville.php?pageNum_Re_av=2&totalRows_Re_av=199&activite=Restaurants&ville=Paris,
Hotel Le Crillon,crillon@rosewoodhotels.com,Paris,Île-de-France,France,https://www.rosewoodhotels.com/fr/hotel-de-crillon,https://www.annuaire-france.net/Recherche/recherch_par_activite_ville.php?pageNum_Re_av=2&totalRows_Re_av=199&activite=Restaurants&ville=Paris,
Le Due Torri,leduetorri@numericable.fr,Paris,Île-de-France,France,https://www.leduetorri.fr,https://www.annuaire-france.net/Recherche/recherch_par_activite_ville.php?pageNum_Re_av=2&totalRows_Re_av=199&activite=Restaurants&ville=Paris,
Drouant,restaurant@drouant.com,Paris,Île-de-France,France,https://www.drouant.com,https://www.annuaire-france.net/Recherche/recherch_par_activite_ville.php?pageNum_Re_av=2&totalRows_Re_av=199&activite=Restaurants&ville=Paris,
Health Inside,contact@healthinside.fr,Paris,Île-de-France,France,https://www.restauranthealthinside.fr,https://www.annuaire-france.net/Recherche/recherch_par_activite_ville.php?pageNum_Re_av=2&totalRows_Re_av=199&activite=Restaurants&ville=Paris,
Le Fouquet's,reception-fouquetsparis@groupebarriere.com,Paris,Île-de-France,France,https://www.hotelsbarriere.com,https://www.annuaire-france.net/Recherche/recherch_par_activite_ville.php?pageNum_Re_av=2&totalRows_Re_av=199&activite=Restaurants&ville=Paris,
Le Ballon des Ternes,commercial@restaurantsparisiens.com,Paris,Île-de-France,France,https://www.restaurantsparisiens.com,https://www.annuaire-france.net/Recherche/recherch_par_activite_ville.php?pageNum_Re_av=2&totalRows_Re_av=199&activite=Restaurants&ville=Paris,
La Scene Theleme,jean-marie@lascenetheleme.fr,Paris,Île-de-France,France,https://www.lascenetheleme.fr,https://www.annuaire-france.net/Recherche/recherch_par_activite_ville.php?pageNum_Re_av=2&totalRows_Re_av=199&activite=Restaurants&ville=Paris,
Grandcoeur,contact@grandcoeur.paris,Paris,Île-de-France,France,https://www.grandcoeur.paris,https://www.annuaire-france.net/Recherche/recherch_par_activite_ville.php?pageNum_Re_av=2&totalRows_Re_av=199&activite=Restaurants&ville=Paris,
Marcella,contact@marcella.fr,Paris,Île-de-France,France,https://www.marcella.fr,https://www.annuaire-france.net/Recherche/recherch_par_activite_ville.php?pageNum_Re_av=2&totalRows_Re_av=199&activite=Restaurants&ville=Paris,
Pub Saint Germain,events@pubsaintgermain.com,Paris,Île-de-France,France,https://www.pubsaintgermain.com,https://www.annuaire-france.net/Recherche/recherch_par_activite_ville.php?pageNum_Re_av=2&totalRows_Re_av=199&activite=Restaurants&ville=Paris,
Novotel Paris Gare de Lyon,h1735@accor.com,Paris,Île-de-France,France,https://all.accor.com,https://www.annuaire-france.net/Recherche/recherch_par_activite_ville.php?pageNum_Re_av=2&totalRows_Re_av=199&activite=Restaurants&ville=Paris,
Cafe de Flore,secretariat@cafedeflore.fr,Paris,Île-de-France,France,https://www.cafedeflore.fr,https://www.annuaire-france.net/Recherche/recherch_par_activite_ville.php?pageNum_Re_av=2&totalRows_Re_av=199&activite=Restaurants&ville=Paris,
Le Paradis Latin,paradislatin@paradislatin.com,Paris,Île-de-France,France,https://www.paradislatin.com,https://www.annuaire-france.net/Recherche/recherch_par_activite_ville.php?pageNum_Re_av=2&totalRows_Re_av=199&activite=Restaurants&ville=Paris,
Pataques,contact@pataques.fr,Paris,Île-de-France,France,https://www.pataques.fr,https://www.annuaire-france.net/Recherche/recherch_par_activite_ville.php?pageNum_Re_av=2&totalRows_Re_av=199&activite=Restaurants&ville=Paris,
Kaiseki-Tenzo by Hissa,restaurantbyhissa@gmail.com,Paris,Île-de-France,France,https://www.tenzobyhissa.com,https://www.annuaire-france.net/Recherche/recherch_par_activite_ville.php?pageNum_Re_av=2&totalRows_Re_av=199&activite=Restaurants&ville=Paris,
Pratolina,info@pratolina.fr,Paris,Île-de-France,France,https://www.pratolina.paris,https://www.annuaire-france.net/Recherche/recherch_par_activite_ville.php?pageNum_Re_av=2&totalRows_Re_av=199&activite=Restaurants&ville=Paris,
Brasserie Mollard,espace.clients@mollard.fr,Paris,Île-de-France,France,https://www.mollard.fr,https://www.annuaire-france.net/Recherche/recherch_par_activite_ville.php?pageNum_Re_av=2&totalRows_Re_av=199&activite=Restaurants&ville=Paris,
Bouillon Julien,contact@bouillon-julien.com,Paris,Île-de-France,France,https://www.bouillon-julien.com,https://www.annuaire-france.net/Recherche/recherch_par_activite_ville.php?pageNum_Re_av=2&totalRows_Re_av=199&activite=Restaurants&ville=Paris,
Sacre Frenchy,bonjour@sacrefrenchy.com,Paris,Île-de-France,France,https://www.sacrefrenchy.com,https://www.annuaire-france.net/Recherche/recherch_par_activite_ville.php?pageNum_Re_av=2&totalRows_Re_av=199&activite=Restaurants&ville=Paris,
Le Moghol,lemogholparis@gmail.com,Paris,Île-de-France,France,https://www.lemoghol.fr,https://www.annuaire-france.net/Recherche/recherch_par_activite_ville.php?pageNum_Re_av=2&totalRows_Re_av=199&activite=Restaurants&ville=Paris,
Dalloyau,digital@dalloyau.fr,Paris,Île-de-France,France,https://www.dalloyau.fr,https://www.annuaire-france.net/Recherche/recherch_par_activite_ville.php?pageNum_Re_av=2&totalRows_Re_av=199&activite=Restaurants&ville=Paris,
Chez Pippo,chezpippo31@gmail.com,Paris,Île-de-France,France,https://www.chezpippo.com,https://www.annuaire-france.net/Recherche/recherch_par_activite_ville.php?pageNum_Re_av=3&totalRows_Re_av=199&activite=Restaurants&ville=Paris,
Au Petit Marguery,contact@petitmarguery.com,Paris,Île-de-France,France,https://www.petitmarguery-rivegauche.com,https://www.annuaire-france.net/Recherche/recherch_par_activite_ville.php?pageNum_Re_av=3&totalRows_Re_av=199&activite=Restaurants&ville=Paris,
Buddha Bar,contact@buddhabar.com,Paris,Île-de-France,France,https://www.buddhabar.com,https://www.annuaire-france.net/Recherche/recherch_par_activite_ville.php?pageNum_Re_av=3&totalRows_Re_av=199&activite=Restaurants&ville=Paris,
Men Sae,mensae@gekt.fr,Paris,Île-de-France,France,https://www.mensae-restaurant.com,https://www.annuaire-france.net/Recherche/recherch_par_activite_ville.php?pageNum_Re_av=3&totalRows_Re_av=199&activite=Restaurants&ville=Paris,
Gran Caffe Convivium,convivium.paris@gmail.com,Paris,Île-de-France,France,https://www.grancaffeconvivium.com,https://www.annuaire-france.net/Recherche/recherch_par_activite_ville.php?pageNum_Re_av=3&totalRows_Re_av=199&activite=Restaurants&ville=Paris,
M et Moi,contact@monmicrobioteetmoi.fr,Paris,Île-de-France,France,https://www.monmicrobioteetmoi.fr,https://www.annuaire-france.net/Recherche/recherch_par_activite_ville.php?pageNum_Re_av=3&totalRows_Re_av=199&activite=Restaurants&ville=Paris,
Mama Shelter Paris East,contact@mamashelter.com,Paris,Île-de-France,France,https://www.mamashelter.com,https://www.annuaire-france.net/Recherche/recherch_par_activite_ville.php?pageNum_Re_av=3&totalRows_Re_av=199&activite=Restaurants&ville=Paris,
L'Important,contactlimportantclub@gmail.com,Paris,Île-de-France,France,https://www.limportant-paris.com,https://www.annuaire-france.net/Recherche/recherch_par_activite_ville.php?pageNum_Re_av=3&totalRows_Re_av=199&activite=Restaurants&ville=Paris,
Jodhpur Palace,jodhpurpalace@gmail.com,Paris,Île-de-France,France,https://www.jodhpurpalace.com,https://www.annuaire-france.net/Recherche/recherch_par_activite_ville.php?pageNum_Re_av=3&totalRows_Re_av=199&activite=Restaurants&ville=Paris,
Sur un Arbre Perche,reservation@surunarbreperche.com,Paris,Île-de-France,France,https://www.surunarbreperche.com,https://www.annuaire-france.net/Recherche/recherch_par_activite_ville.php?pageNum_Re_av=3&totalRows_Re_av=199&activite=Restaurants&ville=Paris,
14 Paradis,contact@14paradis.fr,Paris,Île-de-France,France,https://www.14paradis.fr,https://www.annuaire-france.net/Recherche/recherch_par_activite_ville.php?pageNum_Re_av=3&totalRows_Re_av=199&activite=Restaurants&ville=Paris,yes
Chalet du Lac,contact@chaletdulac.fr,Paris,Île-de-France,France,https://www.chaletdulac.fr,https://www.annuaire-france.net/Recherche/recherch_par_activite_ville.php?pageNum_Re_av=3&totalRows_Re_av=199&activite=Restaurants&ville=Paris,
Ocean Sushi,oceansushiparis19@gmail.com,Paris,Île-de-France,France,https://oceansushiparis19.wixsite.com/oceansushi,https://www.annuaire-france.net/Recherche/recherch_par_activite_ville.php?pageNum_Re_av=3&totalRows_Re_av=199&activite=Restaurants&ville=Paris,
La Mascotte Montmartre,bienvenue@la-mascotte-montmartre.com,Paris,Île-de-France,France,https://www.la-mascotte-montmartre.com,https://www.annuaire-france.net/Recherche/recherch_par_activite_ville.php?pageNum_Re_av=3&totalRows_Re_av=199&activite=Restaurants&ville=Paris,
Les Princes,lesprinces.restaurant@gmail.com,Paris,Île-de-France,France,https://www.les-princes.fr,https://www.annuaire-france.net/Recherche/recherch_par_activite_ville.php?pageNum_Re_av=3&totalRows_Re_av=199&activite=Restaurants&ville=Paris,
Maison Peret,contact@maisonperet.com,Paris,Île-de-France,France,https://www.maisonperet.com,https://www.annuaire-france.net/Recherche/recherch_par_activite_ville.php?pageNum_Re_av=3&totalRows_Re_av=199&activite=Restaurants&ville=Paris,
Le Grand Pan,contact@legrandpan.fr,Paris,Île-de-France,France,https://www.legrandpan.fr,https://www.annuaire-france.net/Recherche/recherch_par_activite_ville.php?pageNum_Re_av=3&totalRows_Re_av=199&activite=Restaurants&ville=Paris,
Chez Bebert,chezbebert.couscous@gmail.com,Paris,Île-de-France,France,https://www.chezbebertcouscous.com,https://www.annuaire-france.net/Recherche/recherch_par_activite_ville.php?pageNum_Re_av=3&totalRows_Re_av=199&activite=Restaurants&ville=Paris,
Le Bistro du Parisien,bistrotparisien@orange.fr,Paris,Île-de-France,France,https://www.lebistroduparisien.eatbu.com,https://www.annuaire-france.net/Recherche/recherch_par_activite_ville.php?pageNum_Re_av=3&totalRows_Re_av=199&activite=Restaurants&ville=Paris,
Chez Paul,contact@chezpaul.com,Paris,Île-de-France,France,https://www.chezpaul.com,https://www.annuaire-france.net/Recherche/recherch_par_activite_ville.php?pageNum_Re_av=3&totalRows_Re_av=199&activite=Restaurants&ville=Paris,
Eataly Paris Marais,infobox@eataly.fr,Paris,Île-de-France,France,https://www.eataly.fr,https://www.annuaire-france.net/Recherche/recherch_par_activite_ville.php?pageNum_Re_av=3&totalRows_Re_av=199&activite=Restaurants&ville=Paris,
Le Petit Villiers,lepetitvilliers@orange.fr,Paris,Île-de-France,France,https://www.lepetitvilliers.fr,https://www.annuaire-france.net/Recherche/recherch_par_activite_ville.php?pageNum_Re_av=3&totalRows_Re_av=199&activite=Restaurants&ville=Paris,
Le Patio Opera,contact@lepatio-opera.com,Paris,Île-de-France,France,https://www.lepatio-opera.com,https://www.annuaire-france.net/Recherche/recherch_par_activite_ville.php?pageNum_Re_av=3&totalRows_Re_av=199&activite=Restaurants&ville=Paris,
Kirane,kiraneindia@yahoo.com,Paris,Île-de-France,France,https://restaurant-indien-paris-kiraneindia.fr,https://www.annuaire-france.net/Recherche/recherch_par_activite_ville.php?pageNum_Re_av=4&totalRows_Re_av=199&activite=Restaurants&ville=Paris,
Les Fauves,rugir@lesfauves.paris,Paris,Île-de-France,France,https://www.lesfauves.paris,https://www.annuaire-france.net/Recherche/recherch_par_activite_ville.php?pageNum_Re_av=4&totalRows_Re_av=199&activite=Restaurants&ville=Paris,
L'Ebauchoir,lebauchoir@orange.fr,Paris,Île-de-France,France,https://www.lebauchoir.com,https://www.annuaire-france.net/Recherche/recherch_par_activite_ville.php?pageNum_Re_av=4&totalRows_Re_av=199&activite=Restaurants&ville=Paris,
Restaurant Fontaine Gaillon,contact@lafontainegaillon.com,Paris,Île-de-France,France,https://www.lafontainegaillon.com,https://www.annuaire-france.net/Recherche/recherch_par_activite_ville.php?pageNum_Re_av=4&totalRows_Re_av=199&activite=Restaurants&ville=Paris,
Arnaud Nicolas,caulaincourt@arnaudnicolas.paris,Paris,Île-de-France,France,https://www.arnaudnicolas.paris,https://www.annuaire-france.net/Recherche/recherch_par_activite_ville.php?pageNum_Re_av=4&totalRows_Re_av=199&activite=Restaurants&ville=Paris,
Les Deux Magots,contact@lesdeuxmagots.fr,Paris,Île-de-France,France,https://www.lesdeuxmagots.fr,https://www.annuaire-france.net/Recherche/recherch_par_activite_ville.php?pageNum_Re_av=4&totalRows_Re_av=199&activite=Restaurants&ville=Paris,
Laduree Champs-Elysees,contact@laduree.com,Paris,Île-de-France,France,https://www.laduree.fr,https://www.annuaire-france.net/Recherche/recherch_par_activite_ville.php?pageNum_Re_av=4&totalRows_Re_av=199&activite=Restaurants&ville=Paris,
Le Bem,info@bem.com,Paris,Île-de-France,France,https://www.le-bem.com,https://www.annuaire-france.net/Recherche/recherch_par_activite_ville.php?pageNum_Re_av=4&totalRows_Re_av=199&activite=Restaurants&ville=Paris,
Nolinski Paris,booking@nolinski.com,Paris,Île-de-France,France,https://www.nolinskiparis.com,https://www.annuaire-france.net/Recherche/recherch_par_activite_ville.php?pageNum_Re_av=4&totalRows_Re_av=199&activite=Restaurants&ville=Paris,
La Closerie des Lilas,closeriedeslilas@orange.fr,Paris,Île-de-France,France,https://www.closeriedeslilas.fr,https://www.annuaire-france.net/Recherche/recherch_par_activite_ville.php?pageNum_Re_av=4&totalRows_Re_av=199&activite=Restaurants&ville=Paris,
Gili-Gili,hello@gili-gili.fr,Paris,Île-de-France,France,https://www.gili-gili.fr,https://www.annuaire-france.net/Recherche/recherch_par_activite_ville.php?pageNum_Re_av=4&totalRows_Re_av=199&activite=Restaurants&ville=Paris,
Restaurant 404,info@404-resto.com,Paris,Île-de-France,France,https://www.404-resto.com,https://www.annuaire-france.net/Recherche/recherch_par_activite_ville.php?pageNum_Re_av=4&totalRows_Re_av=199&activite=Restaurants&ville=Paris,
Hotel Burgundy,contact@leburgundy.com,Paris,Île-de-France,France,https://www.leburgundy.com,https://www.annuaire-france.net/Recherche/recherch_par_activite_ville.php?pageNum_Re_av=4&totalRows_Re_av=199&activite=Restaurants&ville=Paris,
Don Camilo,info@doncamilo.net,Paris,Île-de-France,France,https://www.doncamilo.net,https://www.annuaire-france.net/Recherche/recherch_par_activite_ville.php?pageNum_Re_av=4&totalRows_Re_av=199&activite=Restaurants&ville=Paris,
La Maison de la Truffe,boutiquemaisondelatruffe@caviarkaspia.com,Paris,Île-de-France,France,https://www.maison-de-la-truffe.com,https://www.annuaire-france.net/Recherche/recherch_par_activite_ville.php?pageNum_Re_av=4&totalRows_Re_av=199&activite=Restaurants&ville=Paris,
Hotel Brach,contact@brachparis.com,Paris,Île-de-France,France,https://www.brachparis.com,https://www.annuaire-france.net/Recherche/recherch_par_activite_ville.php?pageNum_Re_av=4&totalRows_Re_av=199&activite=Restaurants&ville=Paris,
Le Relais Plaza,info.hpa@dorchestercollection.com,Paris,Île-de-France,France,https://www.dorchestercollection.com,https://www.annuaire-france.net/Recherche/recherch_par_activite_ville.php?pageNum_Re_av=4&totalRows_Re_av=199&activite=Restaurants&ville=Paris,
La Mosquee de Paris,contact@la-mosquee.com,Paris,Île-de-France,France,https://www.la-mosquee.com,https://www.annuaire-france.net/Recherche/recherch_par_activite_ville.php?pageNum_Re_av=4&totalRows_Re_av=199&activite=Restaurants&ville=Paris,
Bouillon Racine,contact@bouillonracine.fr,Paris,Île-de-France,France,https://www.bouillonracine.fr,https://www.annuaire-france.net/Recherche/recherch_par_activite_ville.php?pageNum_Re_av=4&totalRows_Re_av=199&activite=Restaurants&ville=Paris,
Guillaume Grasso La Vraie Pizza,guillaume-grasso@outlook.com,Paris,Île-de-France,France,https://www.guillaume-grasso.com,https://www.annuaire-france.net/Recherche/recherch_par_activite_ville.php?pageNum_Re_av=4&totalRows_Re_av=199&activite=Restaurants&ville=Paris,
La Maison de Charly,lamaisondecharly@gmail.com,Paris,Île-de-France,France,https://lamaisondecharly.fr,https://www.annuaire-france.net/Recherche/recherch_par_activite_ville.php?pageNum_Re_av=4&totalRows_Re_av=199&activite=Restaurants&ville=Paris,
Le Choupinet,contact@lechoupinet.com,Paris,Île-de-France,France,https://www.lechoupinet.com,https://www.annuaire-france.net/Recherche/recherch_par_activite_ville.php?pageNum_Re_av=4&totalRows_Re_av=199&activite=Restaurants&ville=Paris,
Chai 33,info@chai33.com,Paris,Île-de-France,France,https://www.chai33.com,https://www.annuaire-france.net/Recherche/recherch_par_activite_ville.php?pageNum_Re_av=4&totalRows_Re_av=199&activite=Restaurants&ville=Paris,
Brasserie Baroche,brasserie@baroche.paris,Paris,Île-de-France,France,https://www.baroche.paris,https://www.annuaire-france.net/Recherche/recherch_par_activite_ville.php?pageNum_Re_av=4&totalRows_Re_av=199&activite=Restaurants&ville=Paris,
Hotel Napoleon,napoleon@hotelnapoleon.com,Paris,Île-de-France,France,https://www.hotelnapoleon.com,https://www.annuaire-france.net/Recherche/recherch_par_activite_ville.php?pageNum_Re_av=4&totalRows_Re_av=199&activite=Restaurants&ville=Paris,
The Hoxton Paris,hello.paris@thehox.com,Paris,Île-de-France,France,https://thehoxton.com/paris,https://www.annuaire-france.net/Recherche/recherch_par_activite_ville.php?pageNum_Re_av=4&totalRows_Re_av=199&activite=Restaurants&ville=Paris,
Le Cap,bistrotlecap@gmail.com,Paris,Île-de-France,France,https://www.bistrotlecap.com,https://www.annuaire-france.net/Recherche/recherch_par_activite_ville.php?pageNum_Re_av=5&totalRows_Re_av=199&activite=Restaurants&ville=Paris,
Brasserie L'Europeen,restaurant@l-europeen.com,Paris,Île-de-France,France,https://www.l-europeen.com,https://www.annuaire-france.net/Recherche/recherch_par_activite_ville.php?pageNum_Re_av=5&totalRows_Re_av=199&activite=Restaurants&ville=Paris,
Paris Italie,leparisitalie@gmail.com,Paris,Île-de-France,France,https://parisitalie.eatbu.com,https://www.annuaire-france.net/Recherche/recherch_par_activite_ville.php?pageNum_Re_av=5&totalRows_Re_av=199&activite=Restaurants&ville=Paris,
Art Bistro,contact@art-bistro.fr,Paris,Île-de-France,France,https://www.art-bistro.fr,https://www.annuaire-france.net/Recherche/recherch_par_activite_ville.php?pageNum_Re_av=5&totalRows_Re_av=199&activite=Restaurants&ville=Paris,
Hotel Terminus Vaugirard,hotel@hpvparis.com,Paris,Île-de-France,France,https://www.hotel-paris-vaugirard.com,https://www.annuaire-france.net/Recherche/recherch_par_activite_ville.php?pageNum_Re_av=5&totalRows_Re_av=199&activite=Restaurants&ville=Paris,
Le Georges,commercial@beaumarly.com,Paris,Île-de-France,France,https://restaurantgeorgesparis.com,https://www.annuaire-france.net/Recherche/recherch_par_activite_ville.php?pageNum_Re_av=5&totalRows_Re_av=199&activite=Restaurants&ville=Paris,
Bidoche,restaurant@bidoche.fr,Paris,Île-de-France,France,https://bidoche.fr,https://www.annuaire-france.net/Recherche/recherch_par_activite_ville.php?pageNum_Re_av=5&totalRows_Re_av=199&activite=Restaurants&ville=Paris,
Le Royal Dragon,contact@hotelleroyal.com,Paris,Île-de-France,France,https://www.hotelleroyal.com,https://www.annuaire-france.net/Recherche/recherch_par_activite_ville.php?pageNum_Re_av=5&totalRows_Re_av=199&activite=Restaurants&ville=Paris,
Joia par Helene Darroze,reservation@joiahelenedarroze.com,Paris,Île-de-France,France,https://www.joiahelenedarroze.com,https://www.annuaire-france.net/Recherche/recherch_par_activite_ville.php?pageNum_Re_av=5&totalRows_Re_av=199&activite=Restaurants&ville=Paris,
Sofitel Paris Baltimore Tour Eiffel,h2789@sofitel.com,Paris,Île-de-France,France,https://sofitel.accor.com,https://www.annuaire-france.net/Recherche/recherch_par_activite_ville.php?pageNum_Re_av=5&totalRows_Re_av=199&activite=Restaurants&ville=Paris,
Hotel du Louvre,parishoteldulouvre@hoteldulouvre.com,Paris,Île-de-France,France,https://www.hoteldulouvre.com,https://www.annuaire-france.net/Recherche/recherch_par_activite_ville.php?pageNum_Re_av=5&totalRows_Re_av=199&activite=Restaurants&ville=Paris,
Le Chalet des Iles,bar@lechaletdesiles.net,Paris,Île-de-France,France,https://www.chalet-des-iles.com,https://www.annuaire-france.net/Recherche/recherch_par_activite_ville.php?pageNum_Re_av=5&totalRows_Re_av=199&activite=Restaurants&ville=Paris,
Maison Pou,maisonpou@wanadoo.fr,Paris,Île-de-France,France,https://maisonpou.site-solocal.com,https://www.annuaire-france.net/Recherche/recherch_par_activite_ville.php?pageNum_Re_av=5&totalRows_Re_av=199&activite=Restaurants&ville=Paris,
Chez Francoise,contact@chezfrancoise.com,Paris,Île-de-France,France,https://www.chezfrancoise.com,https://www.annuaire-france.net/Recherche/recherch_par_activite_ville.php?pageNum_Re_av=5&totalRows_Re_av=199&activite=Restaurants&ville=Paris,
La Estancia,info@laestancia.fr,Paris,Île-de-France,France,https://www.laestancia.fr,https://www.annuaire-france.net/Recherche/recherch_par_activite_ville.php?pageNum_Re_av=5&totalRows_Re_av=199&activite=Restaurants&ville=Paris,
Cafe Joyeux,bonjour@cafejoyeux.com,Paris,Île-de-France,France,https://www.cafejoyeux.com,https://www.annuaire-france.net/Recherche/recherch_par_activite_ville.php?pageNum_Re_av=5&totalRows_Re_av=199&activite=Restaurants&ville=Paris,
Inoveat,contact@inoveat.com,Paris,Île-de-France,France,https://www.inoveat.com,https://www.annuaire-france.net/Recherche/recherch_par_activite_ville.php?pageNum_Re_av=5&totalRows_Re_av=199&activite=Restaurants&ville=Paris,
Restaurant Guy Savoy,reserv@guysavoy.com,Paris,Île-de-France,France,https://www.guysavoy.com,https://www.annuaire-france.net/Recherche/recherch_par_activite_ville.php?pageNum_Re_av=5&totalRows_Re_av=199&activite=Restaurants&ville=Paris,
Bouillon Chartier Montparnasse,montparnasse@bouillon-chartier.com,Paris,Île-de-France,France,https://www.bouillon-chartier.com,https://www.annuaire-france.net/Recherche/recherch_par_activite_ville.php?pageNum_Re_av=5&totalRows_Re_av=199&activite=Restaurants&ville=Paris,
La Melangerie,melangerie.la@gmail.com,Paris,Île-de-France,France,https://lamelangerie.com,https://www.annuaire-france.net/Recherche/recherch_par_activite_ville.php?pageNum_Re_av=5&totalRows_Re_av=199&activite=Restaurants&ville=Paris,
La Cagouille,contact.reservation@la-cagouille.com,Paris,Île-de-France,France,https://www.la-cagouille.com,https://www.annuaire-france.net/Recherche/recherch_par_activite_ville.php?pageNum_Re_av=5&totalRows_Re_av=199&activite=Restaurants&ville=Paris,
Cafe de l'Industrie,resa.industrie@gmail.com,Paris,Île-de-France,France,https://www.cafedelindustrieparis.fr,https://www.annuaire-france.net/Recherche/recherch_par_activite_ville.php?pageNum_Re_av=5&totalRows_Re_av=199&activite=Restaurants&ville=Paris,
Le Bosquet,contact@bosquetparis.com,Paris,Île-de-France,France,https://www.bosquetparis.com,https://www.annuaire-france.net/Recherche/recherch_par_activite_ville.php?pageNum_Re_av=5&totalRows_Re_av=199&activite=Restaurants&ville=Paris,
Le Flores,cafe.flores07@gmail.com,Paris,Île-de-France,France,https://www.brasserie-flores-paris.fr,https://www.annuaire-france.net/Recherche/recherch_par_activite_ville.php?pageNum_Re_av=5&totalRows_Re_av=199&activite=Restaurants&ville=Paris,
Cie des Bateaux Mouches,info@bateaux-mouches.fr,Paris,Île-de-France,France,https://www.bateaux-mouches.fr,https://www.annuaire-france.net/Recherche/recherch_par_activite_ville.php?pageNum_Re_av=5&totalRows_Re_av=199&activite=Restaurants&ville=Paris,
Les Canailles Menilmontant,lescanailles.menilmontant@orange.fr,Paris,Île-de-France,France,https://www.les-canailles-menilmontant.com,https://www.annuaire-france.net/Recherche/recherch_par_activite_ville.php?pageNum_Re_av=5&totalRows_Re_av=199&activite=Restaurants&ville=Paris,
Rasna Restaurant Indien,rasnarestaurant08@gmail.com,Paris,Île-de-France,France,https://rasnarestaurant.fr,https://www.annuaire-france.net/Recherche/recherch_par_activite_ville.php?pageNum_Re_av=6&totalRows_Re_av=199&activite=Restaurants&ville=Paris,
Chez Hanafousa,nao.morita38@orange.fr,Paris,Île-de-France,France,https://restaurant-chez-hanafousa.com,https://www.annuaire-france.net/Recherche/recherch_par_activite_ville.php?pageNum_Re_av=6&totalRows_Re_av=199&activite=Restaurants&ville=Paris,
Anicia,contact@anicia-bistrot.com,Paris,Île-de-France,France,https://www.anicia-paris.com,https://www.annuaire-france.net/Recherche/recherch_par_activite_ville.php?pageNum_Re_av=6&totalRows_Re_av=199&activite=Restaurants&ville=Paris,
Le Camondo,contact@lecamondo.fr,Paris,Île-de-France,France,https://lecamondo.fr,https://www.annuaire-france.net/Recherche/recherch_par_activite_ville.php?pageNum_Re_av=6&totalRows_Re_av=199&activite=Restaurants&ville=Paris,
La Maison des Cyclades,commande@lamaisondescyclades.fr,Paris,Île-de-France,France,https://www.lamaisondescyclades.fr,https://www.annuaire-france.net/Recherche/recherch_par_activite_ville.php?pageNum_Re_av=6&totalRows_Re_av=199&activite=Restaurants&ville=Paris,
Jaja,contact@jaja-resto.com,Paris,Île-de-France,France,https://www.jaja-resto.com,https://www.annuaire-france.net/Recherche/recherch_par_activite_ville.php?pageNum_Re_av=6&totalRows_Re_av=199&activite=Restaurants&ville=Paris,
Le Chalet des Iles Daumesnil,info@lechaletdesiles.com,Paris,Île-de-France,France,https://www.lechaletdesiles.com,https://www.annuaire-france.net/Recherche/recherch_par_activite_ville.php?pageNum_Re_av=6&totalRows_Re_av=199&activite=Restaurants&ville=Paris,
Le Paradis du Fruit George V,presse@dnaparadisgroup.com,Paris,Île-de-France,France,https://www.leparadisdufruit.fr,https://www.annuaire-france.net/Recherche/recherch_par_activite_ville.php?pageNum_Re_av=6&totalRows_Re_av=199&activite=Restaurants&ville=Paris,
L'Escudella,escudella18@gmail.com,Paris,Île-de-France,France,https://www.escudella.fr,https://www.annuaire-france.net/Recherche/recherch_par_activite_ville.php?pageNum_Re_av=6&totalRows_Re_av=199&activite=Restaurants&ville=Paris,
Passionne,passionne@groupepassionne.com,Paris,Île-de-France,France,https://restaurantpassionne.com,https://www.annuaire-france.net/Recherche/recherch_par_activite_ville.php?pageNum_Re_av=6&totalRows_Re_av=199&activite=Restaurants&ville=Paris,
Bistrot Bassano,ourouk1@live.fr,Paris,Île-de-France,France,https://www.bistro-bassano.appspot.com,https://www.annuaire-france.net/Recherche/recherch_par_activite_ville.php?pageNum_Re_av=6&totalRows_Re_av=199&activite=Restaurants&ville=Paris,
Restaurant Conti,conti.restaurant@gmail.com,Paris,Île-de-France,France,https://www.leconti.fr,https://www.annuaire-france.net/Recherche/recherch_par_activite_ville.php?pageNum_Re_av=6&totalRows_Re_av=199&activite=Restaurants&ville=Paris,
Giacomo by Gusto Italia,giacomo75007@gmail.com,Paris,Île-de-France,France,https://www.giacomobygustoitalia.fr,https://www.annuaire-france.net/Recherche/recherch_par_activite_ville.php?pageNum_Re_av=6&totalRows_Re_av=199&activite=Restaurants&ville=Paris,
Le Belleval,contact@belleval-hotel-paris.com,Paris,Île-de-France,France,https://www.belleval-hotel-paris.com,https://www.annuaire-france.net/Recherche/recherch_par_activite_ville.php?pageNum_Re_av=6&totalRows_Re_av=199&activite=Restaurants&ville=Paris,
Le Kleber,contact@cafekleber.fr,Paris,Île-de-France,France,https://www.cafekleber.fr,https://www.annuaire-france.net/Recherche/recherch_par_activite_ville.php?pageNum_Re_av=6&totalRows_Re_av=199&activite=Restaurants&ville=Paris,
Oh My Poulet,ohmypoulet10@gmail.com,Paris,Île-de-France,France,,https://www.annuaire-france.net/Recherche/recherch_par_activite_ville.php?pageNum_Re_av=6&totalRows_Re_av=199&activite=Restaurants&ville=Paris,
Briochette Paris,briochetteparis@gmail.com,Paris,Île-de-France,France,https://briochette.fr,https://www.annuaire-france.net/Recherche/recherch_par_activite_ville.php?pageNum_Re_av=6&totalRows_Re_av=199&activite=Restaurants&ville=Paris,
Max & Zoe,restaurantmaxetzoe@yahoo.com,Boulogne-Billancourt,Île-de-France,France,https://www.maxetzoe.fr,https://www.annuaire-france.net/Recherche/recherch_par_activite_ville.php?activite=Restaurants&ville=Boulogne-Billancourt,
Restaurant Jean Chauvel,contact.jeanchauvel@gmail.com,Boulogne-Billancourt,Île-de-France,France,https://www.jeanchauvel.fr,https://www.annuaire-france.net/Recherche/recherch_par_activite_ville.php?activite=Restaurants&ville=Boulogne-Billancourt,
Ereganto,info@ereganto.com,Boulogne-Billancourt,Île-de-France,France,https://www.ereganto.fr,https://www.annuaire-france.net/Recherche/recherch_par_activite_ville.php?activite=Restaurants&ville=Boulogne-Billancourt,
Baccano,baccano@baccano.fr,Boulogne-Billancourt,Île-de-France,France,https://www.baccano.fr,https://www.annuaire-france.net/Recherche/recherch_par_activite_ville.php?activite=Restaurants&ville=Boulogne-Billancourt,
Coki B&B,coki2b@gmail.com,Boulogne-Billancourt,Île-de-France,France,https://www.cokibb.fr,https://www.annuaire-france.net/Recherche/recherch_par_activite_ville.php?activite=Restaurants&ville=Boulogne-Billancourt,
Mother,hello@mother-restaurant.fr,Boulogne-Billancourt,Île-de-France,France,https://www.mother-restaurant.fr,https://www.annuaire-france.net/Recherche/recherch_par_activite_ville.php?activite=Restaurants&ville=Boulogne-Billancourt,
Fratelli Pastore,contact@fratellipastore.com,Boulogne-Billancourt,Île-de-France,France,https://www.fratellipastore.com,https://www.annuaire-france.net/Recherche/recherch_par_activite_ville.php?activite=Restaurants&ville=Boulogne-Billancourt,
Shiki,contact@shiki-boulogne-billancourt.com,Boulogne-Billancourt,Île-de-France,France,https://shiki-boulogne-billancourt.com,https://www.annuaire-france.net/Recherche/recherch_par_activite_ville.php?activite=Restaurants&ville=Boulogne-Billancourt,
Kayani,contact@restaurant-kayani.com,Boulogne-Billancourt,Île-de-France,France,https://www.restaurant-kayani.com,https://www.annuaire-france.net/Recherche/recherch_par_activite_ville.php?activite=Restaurants&ville=Boulogne-Billancourt,
La Bella Vita,labellavita.bc@gmail.com,Boulogne-Billancourt,Île-de-France,France,https://www.labellavitabc.fr,https://www.annuaire-france.net/Recherche/recherch_par_activite_ville.php?activite=Restaurants&ville=Boulogne-Billancourt,
Ledetendeur,lacave@ledetendeur.fr,Boulogne-Billancourt,Île-de-France,France,https://www.ledetendeur.fr,https://www.annuaire-france.net/Recherche/recherch_par_activite_ville.php?activite=Restaurants&ville=Boulogne-Billancourt,
L'Arcouest,larcouest@larcouest.fr,Boulogne-Billancourt,Île-de-France,France,https://www.larcouest.fr,https://www.annuaire-france.net/Recherche/recherch_par_activite_ville.php?activite=Restaurants&ville=Boulogne-Billancourt,yes
Cafe Le Bellevue,biendormir@bellevue-hotel.fr,Boulogne-Billancourt,Île-de-France,France,https://www.cafe-le-bellevue.fr,https://www.annuaire-france.net/Recherche/recherch_par_activite_ville.php?activite=Restaurants&ville=Boulogne-Billancourt,
Fuga,contact@fuga-restaurant.fr,Boulogne-Billancourt,Île-de-France,France,https://www.fuga-restaurant.fr,https://www.annuaire-france.net/Recherche/recherch_par_activite_ville.php?activite=Restaurants&ville=Boulogne-Billancourt,
Chef Sos Chef Sevres,contact@soschef.com,Sevres,Île-de-France,France,https://www.chefsoschef.fr,https://www.annuaire-france.net/Recherche/recherch_par_activite_ville.php?activite=Restaurants&ville=Boulogne-Billancourt,
Le Reef Club,contact@reefclub.fr,Boulogne-Billancourt,Île-de-France,France,https://www.reefclub.fr,https://www.annuaire-france.net/Recherche/recherch_par_activite_ville.php?activite=Restaurants&ville=Boulogne-Billancourt,
Tomme,tomme-gourmand@orange.fr,Boulogne-Billancourt,Île-de-France,France,https://www.tomme-sandwich.fr,https://www.annuaire-france.net/Recherche/recherch_par_activite_ville.php?activite=Restaurants&ville=Boulogne-Billancourt,
Kasbah,kasbah@orange.fr,Boulogne-Billancourt,Île-de-France,France,https://www.kasbah-boulogne.fr,https://www.annuaire-france.net/Recherche/recherch_par_activite_ville.php?activite=Restaurants&ville=Boulogne-Billancourt,
L'Initiale Cafe,contact@linitialecafe.fr,Boulogne-Billancourt,Île-de-France,France,https://www.linitialecafe.fr,https://www.annuaire-france.net/Recherche/recherch_par_activite_ville.php?activite=Restaurants&ville=Boulogne-Billancourt,
Le Clocher du Village,contact@leclocherduvillage.com,Boulogne-Billancourt,Île-de-France,France,https://www.leclocherduvillage.fr,https://www.annuaire-france.net/Recherche/recherch_par_activite_ville.php?activite=Restaurants&ville=Boulogne-Billancourt,
L'Octave,octave.lerestaurant@laseinemusicale.com,Boulogne-Billancourt,Île-de-France,France,https://www.laseinemusicale.com,https://www.annuaire-france.net/Recherche/recherch_par_activite_ville.php?pageNum_Re_av=1&totalRows_Re_av=93&activite=Restaurants&ville=Boulogne-Billancourt,
Mon Bistrot,monbistrot92@orange.fr,Boulogne-Billancourt,Île-de-France,France,https://www.mon-bistrot.fr,https://www.annuaire-france.net/Recherche/recherch_par_activite_ville.php?pageNum_Re_av=1&totalRows_Re_av=93&activite=Restaurants&ville=Boulogne-Billancourt,
Tambouille,contact@tambouille-restaurant.fr,Boulogne-Billancourt,Île-de-France,France,https://www.tambouille-restaurant.fr,https://www.annuaire-france.net/Recherche/recherch_par_activite_ville.php?pageNum_Re_av=1&totalRows_Re_av=93&activite=Restaurants&ville=Boulogne-Billancourt,
Woodiz,sav@woodiz.fr,Boulogne-Billancourt,Île-de-France,France,https://www.woodiz.fr,https://www.annuaire-france.net/Recherche/recherch_par_activite_ville.php?pageNum_Re_av=1&totalRows_Re_av=93&activite=Restaurants&ville=Boulogne-Billancourt,
Vivaldi,amar.taleb@sfr.fr,Boulogne-Billancourt,Île-de-France,France,https://le-vivaldi.eatbu.com,https://www.annuaire-france.net/Recherche/recherch_par_activite_ville.php?pageNum_Re_av=1&totalRows_Re_av=93&activite=Restaurants&ville=Boulogne-Billancourt,
Minato,mengna.lisa.lin@hotmail.com,Boulogne-Billancourt,Île-de-France,France,https://www.restaurant-japonais.biz,https://www.annuaire-france.net/Recherche/recherch_par_activite_ville.php?pageNum_Re_av=1&totalRows_Re_av=93&activite=Restaurants&ville=Boulogne-Billancourt,
Bangcook Fast-Good Thai,contact@bangcookresto.fr,Boulogne-Billancourt,Île-de-France,France,https://www.bangcookresto.fr,https://www.annuaire-france.net/Recherche/recherch_par_activite_ville.php?pageNum_Re_av=1&totalRows_Re_av=93&activite=Restaurants&ville=Boulogne-Billancourt,
Cuizines,chateau@cuizines.fr,Boulogne-Billancourt,Île-de-France,France,https://www.cuizines.fr,https://www.annuaire-france.net/Recherche/recherch_par_activite_ville.php?pageNum_Re_av=1&totalRows_Re_av=93&activite=Restaurants&ville=Boulogne-Billancourt,
Big Tom Pub,contact@bigtom-pub.fr,Boulogne-Billancourt,Île-de-France,France,https://www.bigtom-pub.fr,https://www.annuaire-france.net/Recherche/recherch_par_activite_ville.php?pageNum_Re_av=1&totalRows_Re_av=93&activite=Restaurants&ville=Boulogne-Billancourt,yes
Restaurant La Place,laplaceboulogne@gmail.com,Boulogne-Billancourt,Île-de-France,France,https://laplaceboulogne.eatbu.com,https://www.annuaire-france.net/Recherche/recherch_par_activite_ville.php?pageNum_Re_av=1&totalRows_Re_av=93&activite=Restaurants&ville=Boulogne-Billancourt,
A Bicyclette,contact@a-bicyclette.fr,Boulogne-Billancourt,Île-de-France,France,https://www.a-bicyclette.fr,https://www.annuaire-france.net/Recherche/recherch_par_activite_ville.php?pageNum_Re_av=1&totalRows_Re_av=93&activite=Restaurants&ville=Boulogne-Billancourt,
Pedra Alta,pedraalta.pt@gmail.com,Boulogne-Billancourt,Île-de-France,France,https://www.pedraalta.pt,https://www.annuaire-france.net/Recherche/recherch_par_activite_ville.php?pageNum_Re_av=1&totalRows_Re_av=93&activite=Restaurants&ville=Boulogne-Billancourt,
A Tavola,atavola@atavola.fr,Boulogne-Billancourt,Île-de-France,France,https://www.atavola.fr,https://www.annuaire-france.net/Recherche/recherch_par_activite_ville.php?pageNum_Re_av=1&totalRows_Re_av=93&activite=Restaurants&ville=Boulogne-Billancourt,
Madame Monsieur,contact@madamemonsieur.info,Boulogne-Billancourt,Île-de-France,France,https://www.madamemonsieur.info,https://www.annuaire-france.net/Recherche/recherch_par_activite_ville.php?pageNum_Re_av=1&totalRows_Re_av=93&activite=Restaurants&ville=Boulogne-Billancourt,
Traiteur Shanghai,contact@traiteurshanghai.fr,Boulogne-Billancourt,Île-de-France,France,https://www.traiteurshanghai.fr,https://www.annuaire-france.net/Recherche/recherch_par_activite_ville.php?pageNum_Re_av=1&totalRows_Re_av=93&activite=Restaurants&ville=Boulogne-Billancourt,
Les Calanques Bateau Reception,calanques@compagniedelaseine.com,Boulogne-Billancourt,Île-de-France,France,https://www.les-calanques.com,https://www.annuaire-france.net/Recherche/recherch_par_activite_ville.php?pageNum_Re_av=1&totalRows_Re_av=93&activite=Restaurants&ville=Boulogne-Billancourt,
Palais Celeste,palaisceleste@live.fr,Boulogne-Billancourt,Île-de-France,France,https://palaisceleste.site-solocal.com,https://www.annuaire-france.net/Recherche/recherch_par_activite_ville.php?pageNum_Re_av=1&totalRows_Re_av=93&activite=Restaurants&ville=Boulogne-Billancourt,
Cafe Seguin,cafeseguin@free.fr,Boulogne-Billancourt,Île-de-France,France,https://www.cafe-seguin.fr,https://www.annuaire-france.net/Recherche/recherch_par_activite_ville.php?pageNum_Re_av=1&totalRows_Re_av=93&activite=Restaurants&ville=Boulogne-Billancourt,
Cafe de l'Industrie Boulogne,cafedelindustrie92@gmail.com,Boulogne-Billancourt,Île-de-France,France,https://www.cafeindustrie.fr,https://www.annuaire-france.net/Recherche/recherch_par_activite_ville.php?pageNum_Re_av=1&totalRows_Re_av=93&activite=Restaurants&ville=Boulogne-Billancourt,
Bagelstein Boulogne,gallieni-boulogne@bagelstein.com,Boulogne-Billancourt,Île-de-France,France,https://www.bagelstein.com,https://www.annuaire-france.net/Recherche/recherch_par_activite_ville.php?pageNum_Re_av=1&totalRows_Re_av=93&activite=Restaurants&ville=Boulogne-Billancourt,
Mise En Saine,contact@misensaine.com,Boulogne-Billancourt,Île-de-France,France,https://www.misensaine.com,https://www.annuaire-france.net/Recherche/recherch_par_activite_ville.php?pageNum_Re_av=1&totalRows_Re_av=93&activite=Restaurants&ville=Boulogne-Billancourt,
Pizza Mirabeau,info@pizzamirabeau.fr,Paris,Île-de-France,France,https://adastraperpizza.site-solocal.com,https://www.annuaire-france.net/Recherche/recherch_par_activite_ville.php?pageNum_Re_av=1&totalRows_Re_av=93&activite=Restaurants&ville=Boulogne-Billancourt,yes
La Terrasse Seguin,contact@laterrasseseguin.com,Boulogne-Billancourt,Île-de-France,France,https://www.laterrasseseguin.com,https://www.annuaire-france.net/Recherche/recherch_par_activite_ville.php?pageNum_Re_av=1&totalRows_Re_av=93&activite=Restaurants&ville=Boulogne-Billancourt,
Le Royal Tandoori,royaltandoori92@gmail.com,Boulogne-Billancourt,Île-de-France,France,https://www.royaltandoori92.com,https://www.annuaire-france.net/Recherche/recherch_par_activite_ville.php?pageNum_Re_av=2&totalRows_Re_av=93&activite=Restaurants&ville=Boulogne-Billancourt,
L'Everest Bodrum,everestbodrum92@gmail.com,Boulogne-Billancourt,Île-de-France,France,https://www.leverest.fr,https://www.annuaire-france.net/Recherche/recherch_par_activite_ville.php?pageNum_Re_av=2&totalRows_Re_av=93&activite=Restaurants&ville=Boulogne-Billancourt,
Tant Qu'il Y Aura Des Bretons,jeanlucbanroques@gmail.com,Boulogne-Billancourt,Île-de-France,France,https://bannielbreizh.site-solocal.com,https://www.annuaire-france.net/Recherche/recherch_par_activite_ville.php?pageNum_Re_av=2&totalRows_Re_av=93&activite=Restaurants&ville=Boulogne-Billancourt,
Le Cafe Cherie,cafecherieboulogne@gmail.com,Boulogne-Billancourt,Île-de-France,France,https://www.lecafecherie.fr,https://www.annuaire-france.net/Recherche/recherch_par_activite_ville.php?pageNum_Re_av=2&totalRows_Re_av=93&activite=Restaurants&ville=Boulogne-Billancourt,
La Machine a Coudes,lamachineacoudes@gmail.com,Boulogne-Billancourt,Île-de-France,France,https://www.lamachineacoudes.fr,https://www.annuaire-france.net/Recherche/recherch_par_activite_ville.php?pageNum_Re_av=2&totalRows_Re_av=93&activite=Restaurants&ville=Boulogne-Billancourt,
Chez Madeleine,contact@chezmadeleine.fr,Boulogne-Billancourt,Île-de-France,France,https://www.chezmadeleine.fr,https://www.annuaire-france.net/Recherche/recherch_par_activite_ville.php?pageNum_Re_av=2&totalRows_Re_av=93&activite=Restaurants&ville=Boulogne-Billancourt,
Arkose Pont de Sevres,contactpontdesevres@arkose.com,Boulogne-Billancourt,Île-de-France,France,https://www.pontdesevres.arkose.com,https://www.annuaire-france.net/Recherche/recherch_par_activite_ville.php?pageNum_Re_av=2&totalRows_Re_av=93&activite=Restaurants&ville=Boulogne-Billancourt,
Chez Boulogne'tta,contact@chezboulognetta.fr,Boulogne-Billancourt,Île-de-France,France,https://www.chezboulognetta.fr,https://www.annuaire-france.net/Recherche/recherch_par_activite_ville.php?pageNum_Re_av=2&totalRows_Re_av=93&activite=Restaurants&ville=Boulogne-Billancourt,yes
La Principaute,emiliemeluc@hotmail.com,Boulogne-Billancourt,Île-de-France,France,https://www.la-principaute.com,https://www.annuaire-france.net/Recherche/recherch_par_activite_ville.php?pageNum_Re_av=2&totalRows_Re_av=93&activite=Restaurants&ville=Boulogne-Billancourt,
Bellota-Bellota selon Byzance,commande@bellota-bellota.com,Boulogne-Billancourt,Île-de-France,France,https://www.bellota-bellota.com,https://www.annuaire-france.net/Recherche/recherch_par_activite_ville.php?pageNum_Re_av=2&totalRows_Re_av=93&activite=Restaurants&ville=Boulogne-Billancourt,
Bistrot 41,contact@bistrot41.com,Issy-les-Moulineaux,Île-de-France,France,https://www.bistrot41.com,https://www.annuaire-france.net/Recherche/recherch_par_activite_ville.php?pageNum_Re_av=2&totalRows_Re_av=93&activite=Restaurants&ville=Boulogne-Billancourt,yes
Brasserie du Palace,brasseriedupalace@orange.fr,Boulogne-Billancourt,Île-de-France,France,https://www.brasseriedupalace.eatbu.com,https://www.annuaire-france.net/Recherche/recherch_par_activite_ville.php?pageNum_Re_av=2&totalRows_Re_av=93&activite=Restaurants&ville=Boulogne-Billancourt,
Il Gattopardo,gattopardo.ristorante@club-internet.fr,Boulogne-Billancourt,Île-de-France,France,https://ros.site-solocal.com,https://www.annuaire-france.net/Recherche/recherch_par_activite_ville.php?pageNum_Re_av=2&totalRows_Re_av=93&activite=Restaurants&ville=Boulogne-Billancourt,
Jacob Meatpacker,labourse@hotmail.com,Boulogne-Billancourt,Île-de-France,France,https://www.jacobmeatpacker.fr,https://www.annuaire-france.net/Recherche/recherch_par_activite_ville.php?pageNum_Re_av=2&totalRows_Re_av=93&activite=Restaurants&ville=Boulogne-Billancourt,
Mythic Burger,contact@mythicburger.com,Boulogne-Billancourt,Île-de-France,France,https://www.mythicburger.com,https://www.annuaire-france.net/Recherche/recherch_par_activite_ville.php?pageNum_Re_av=2&totalRows_Re_av=93&activite=Restaurants&ville=Boulogne-Billancourt,
Koh Tao,linrmg@gmail.com,Rueil-Malmaison,Île-de-France,France,https://kohtao.site-solocal.com,https://www.annuaire-france.net/Recherche/recherch_par_activite_ville.php?pageNum_Re_av=2&totalRows_Re_av=93&activite=Restaurants&ville=Boulogne-Billancourt,
O'Menu Bio,omenubio@gmail.com,Boulogne-Billancourt,Île-de-France,France,https://www.omenubio.fr,https://www.annuaire-france.net/Recherche/recherch_par_activite_ville.php?pageNum_Re_av=2&totalRows_Re_av=93&activite=Restaurants&ville=Boulogne-Billancourt,
Il Sedici,contact@ilsedici.com,Boulogne-Billancourt,Île-de-France,France,https://www.ilsedici.com,https://www.annuaire-france.net/Recherche/recherch_par_activite_ville.php?pageNum_Re_av=2&totalRows_Re_av=93&activite=Restaurants&ville=Boulogne-Billancourt,
La Medina,restaurant-lamedina@sfr.fr,Boulogne-Billancourt,Île-de-France,France,https://www.lamedina-boulogne.com,https://www.annuaire-france.net/Recherche/recherch_par_activite_ville.php?pageNum_Re_av=2&totalRows_Re_av=93&activite=Restaurants&ville=Boulogne-Billancourt,
Black and White Burger,contact@bnwburger.com,Boulogne-Billancourt,Île-de-France,France,https://www.bnwburger.com,https://www.annuaire-france.net/Recherche/recherch_par_activite_ville.php?pageNum_Re_av=2&totalRows_Re_av=93&activite=Restaurants&ville=Boulogne-Billancourt,
Thai In Box,information@thai-in-box.com,Boulogne-Billancourt,Île-de-France,France,https://www.thai-in-box.com,https://www.annuaire-france.net/Recherche/recherch_par_activite_ville.php?pageNum_Re_av=2&totalRows_Re_av=93&activite=Restaurants&ville=Boulogne-Billancourt,
Green sur Mesure,contact@greensurmesure.fr,Boulogne-Billancourt,Île-de-France,France,https://www.greensurmesure.fr,https://www.annuaire-france.net/Recherche/recherch_par_activite_ville.php?pageNum_Re_av=2&totalRows_Re_av=93&activite=Restaurants&ville=Boulogne-Billancourt,
Azzurro Bistro,contact@azzurrobistro.com,Boulogne-Billancourt,Île-de-France,France,https://www.azzurrobistro.com,https://www.annuaire-france.net/Recherche/recherch_par_activite_ville.php?pageNum_Re_av=3&totalRows_Re_av=93&activite=Restaurants&ville=Boulogne-Billancourt,
Ama Bistrot Asiatique,ama.asianbistro@gmail.com,Boulogne-Billancourt,Île-de-France,France,https://www.amaasianbistro.com,https://www.annuaire-france.net/Recherche/recherch_par_activite_ville.php?pageNum_Re_av=3&totalRows_Re_av=93&activite=Restaurants&ville=Boulogne-Billancourt,
DS Cafe,contact@dscafe.fr,Boulogne-Billancourt,Île-de-France,France,https://www.dscafe.fr,https://www.annuaire-france.net/Recherche/recherch_par_activite_ville.php?pageNum_Re_av=3&totalRows_Re_av=93&activite=Restaurants&ville=Boulogne-Billancourt,
Brasserie Les Officiers,reservation@lesofficiers.fr,Vincennes,Île-de-France,France,https://lesofficiers.fr,https://lesofficiers.fr,
L'Ours,contact@loursrestaurant.com,Vincennes,Île-de-France,France,https://loursrestaurant.com,https://loursrestaurant.com/en/,
Paulette Vincennes,paulette.vincennes@gmail.com,Vincennes,Île-de-France,France,https://www.paulette-vincennes.com,https://www.paulette-vincennes.com/,
Mare e Monti,mareemonti025@gmail.com,Saint-Maur-des-Fosses,Île-de-France,France,https://www.mareemonti025.fr,https://www.mareemonti025.fr/,
L'Eden Sens,contact@ledensens.fr,Saint-Maur-des-Fosses,Île-de-France,France,https://www.edensens.fr,https://www.edensens.fr/,yes
Le 5 Particulier,casetta@le5particulier.com,Neuilly-sur-Seine,Île-de-France,France,https://www.le5particulier.com,https://www.le5particulier.com/restaurant-et-bar,
Le Bistrot de Lola,contact@lebistrotdelola.com,Levallois-Perret,Île-de-France,France,https://lebistrotdelola.com,https://lebistrotdelola.com/,
La Passerelle,restaurant@lapasserelle-issy.com,Issy-les-Moulineaux,Île-de-France,France,https://lapasserelle-issy.com,https://lapasserelle-issy.com/,
O'Grand Breton,ograndbreton@gmail.com,Saint-Denis,Île-de-France,France,https://ograndbreton.com,https://ograndbreton.com/,
Verra,contact@verra-courbevoie.fr,Courbevoie,Île-de-France,France,https://verra-courbevoie.fr,https://verra-courbevoie.fr/en/,
Bistrot d'Asnieres,contact@bistrotdasnieres.fr,Asnieres-sur-Seine,Île-de-France,France,https://www.bistrotdasnieres.fr,https://www.bistrotdasnieres.fr/,
Domaine Sainte Catherine,domainesaintecatherine@numericable.fr,Creteil,Île-de-France,France,,https://94.citoyens.com/restaurants/domaine-sainte-catherine,
Chez Valentino,chezvalentino2019@gmail.com,Paris,Île-de-France,France,https://chezvalentino.fr,https://www.annuaire-france.net/Recherche/recherch_par_activite_ville.php?activite=Pizzerias&ville=Paris,
Pizzeria Cap Bercy,mathieu_amassier@yahoo.fr,Paris,Île-de-France,France,https://www.restaurant-cap-bercy.fr,https://www.annuaire-france.net/Recherche/recherch_par_activite_ville.php?activite=Pizzerias&ville=Paris,
Pizza Amalfi,alain19591959@hotmail.fr,Paris,Île-de-France,France,https://sanandro.site-solocal.com,https://www.annuaire-france.net/Recherche/recherch_par_activite_ville.php?activite=Pizzerias&ville=Paris,
Le Clamart,contact@leclamart.fr,Clamart,Île-de-France,France,https://www.leclamart.fr,https://www.leclamart.fr/,
Bella Familia Pizza,bellafamilliapizza@gmail.com,Clamart,Île-de-France,France,,https://www.pagesjaunes.fr/annuaire/clamart-92/restaurants,
Galopins Antony,galopinsantony@gmail.com,Antony,Île-de-France,France,https://galopins-antony.com,https://galopins-antony.com/,
Caracole,caracole92@gmail.com,Colombes,Île-de-France,France,https://caracole-restaurant.fr,https://caracole-restaurant.fr/,
Danieli Caffe,contact@danielicaffe.com,Vincennes,Île-de-France,France,https://danielicaffe.com,https://danielicaffe.com/,
Milano Torino,renaudinmatthieu@yahoo.fr,Levallois-Perret,Île-de-France,France,https://milanotorino.eu,https://milanotorino.eu/levallois/,
Avellino Caffe,audinvaldes@yahoo.fr,Puteaux,Île-de-France,France,https://avellinocaffe.fr,https://avellinocaffe.fr/,
La Calypsia,contact@lacalypsia.com,Montrouge,Île-de-France,France,https://www.pizzeria-lacalypsia.fr,https://www.pizzeria-lacalypsia.fr/,
Ceprano Saint-Mande,info@ceprano.com,Saint-Mande,Île-de-France,France,https://cepranopizza.com,https://cepranopizza.com/ceprano-saint-mande.html,
La Trattoria In Paradiso,inparadiso.contact@gmail.com,Neuilly-sur-Seine,Île-de-France,France,https://in-paradiso-restaurant-neuilly-sur-seine.eatbu.com,https://in-paradiso-restaurant-neuilly-sur-seine.eatbu.com/,
Mimma,direction@mimma.fr,Levallois-Perret,Île-de-France,France,https://mimma.fr,https://mimma.fr,
Amore e Fantasia,contact@amoreefantasia.com,Levallois-Perret,Île-de-France,France,http://www.amoreefantasia.com,http://www.amoreefantasia.com/,
La Samb,contact@lasamb.fr,Levallois-Perret,Île-de-France,France,http://www.lasamb.fr,http://www.lasamb.fr/,
Gab & Dan,gabdanfirst@gmail.com,Vincennes,Île-de-France,France,https://gabetdan.eatbu.com,https://gabetdan.eatbu.com/,
Ristorante San Giovanni,restaurantsangiovanni92@gmail.com,Courbevoie,Île-de-France,France,http://sangiovanni92.com,http://sangiovanni92.com/,
Palermo,palermo92400@yahoo.com,Courbevoie,Île-de-France,France,http://palermo-courbevoie.eatbu.com,http://palermo-courbevoie.eatbu.com/,
Gabin,bienvenue@gabinrestaurant.com,Asnieres-sur-Seine,Île-de-France,France,https://www.gabinrestaurant.com,https://www.gabinrestaurant.com/,
Baciami,contact@baciami.fr,Asnieres-sur-Seine,Île-de-France,France,http://www.baciami.fr,http://www.baciami.fr/,
L'Equilibre,info@lequilibrelyon.fr,Lyon,Auvergne-Rhone-Alpes,France,,,yes
Le Poelon d'Or,contact@lepoelondor-restaurant.fr,Lyon,Auvergne-Rhone-Alpes,France,,,
Restaurant Flair,contact@restaurantflair.com,Lyon,Auvergne-Rhone-Alpes,France,,,
Bouchon Tupin,contact@bouchontupin.com,Lyon,Auvergne-Rhone-Alpes,France,,,
Brasseries Bocuse,commercial@brasseries-bocuse.com,Lyon,Auvergne-Rhone-Alpes,France,,,
Bistrot Berthet,contact@bistrot-berthet.fr,Lyon,Auvergne-Rhone-Alpes,France,,,
Matsuri,contact@matsuri.fr,Lyon,Auvergne-Rhone-Alpes,France,,,
PY Restaurant,contact@pyrestaurant.fr,Lyon,Auvergne-Rhone-Alpes,France,,,
Garden Lyon,garden.lyon@gmail.com,Lyon,Auvergne-Rhone-Alpes,France,,,
Brasserie Georges,contact@brasseriegeorges.com,Lyon,Auvergne-Rhone-Alpes,France,,,
Dionysos,contact@restaurant-grec-lyon.com,Lyon,Auvergne-Rhone-Alpes,France,,,yes
Tetedoie,restaurant@tetedoie.com,Lyon,Auvergne-Rhone-Alpes,France,,,
Cuisine en Cours,cuisinencours@yahoo.com,Lyon,Auvergne-Rhone-Alpes,France,,,
La Meuniere,contact@lameuniere.fr,Lyon,Auvergne-Rhone-Alpes,France,,,
M Restaurant,contact@mrestaurant.fr,Lyon,Auvergne-Rhone-Alpes,France,,,
Table de Max,resa@table-de-max.fr,Lyon,Auvergne-Rhone-Alpes,France,,,
La Mere Brazier,contact@lamerebrazier.fr,Lyon,Auvergne-Rhone-Alpes,France,,,
Restaurant Orsi,orsi@relaischateaux.com,Lyon,Auvergne-Rhone-Alpes,France,,,
Williams Jacquier,williams.jacquier@orange.fr,Lyon,Auvergne-Rhone-Alpes,France,,,
Burgundy by M,info@burgundybym.fr,Lyon,Auvergne-Rhone-Alpes,France,,,
Le Comptoir des Cousins,lecomptoirdescousins@gmail.com,Lyon,Auvergne-Rhone-Alpes,France,,,
Brasserie Midi Minuit,brasseriemidiminuit@groupe-uni.com,Lyon,Auvergne-Rhone-Alpes,France,,,
Brasserie La Joconde,contact@brasserielajoconde.com,Lyon,Auvergne-Rhone-Alpes,France,,,
L'Octave Lyon,contact@loctave-restaurant.com,Lyon,Auvergne-Rhone-Alpes,France,,,
Le Gourmet de Seze,legourmetdeseze@wanadoo.fr,Lyon,Auvergne-Rhone-Alpes,France,,,
Le Jardin des Dombes,lejardindesdombes@gmail.com,Lyon,Auvergne-Rhone-Alpes,France,,,
Takao Takano,restaurant@takaotakano.com,Lyon,Auvergne-Rhone-Alpes,France,,,
Bouillon Baratte,arthur.buchard@diabolo-poivre.com,Lyon,Auvergne-Rhone-Alpes,France,,,
Table et Partage,contact@table-et-partage.com,Lyon,Auvergne-Rhone-Alpes,France,,,
Le Greenwich,melody.greenwich@hotmail.com,Marseille,Provence-Alpes-Cote d'Azur,France,,,
O'Pakistan,o.pakistan@orange.fr,Marseille,Provence-Alpes-Cote d'Azur,France,,,
Chez Ze,contact@chez-ze.com,Marseille,Provence-Alpes-Cote d'Azur,France,,,
Dalloyau Marseille,restaurant.marseille@dalloyau.fr,Marseille,Provence-Alpes-Cote d'Azur,France,,,
Les Arcenaulx,restaurant@les-arcenaulx.com,Marseille,Provence-Alpes-Cote d'Azur,France,,,
Le Petit Nice Passedat,contact@lemole-passedat.com,Marseille,Provence-Alpes-Cote d'Azur,France,,,
Bagelerie Marseillaise,bageleriemarseillaise@gmail.com,Marseille,Provence-Alpes-Cote d'Azur,France,,,
Brasserie L'Entre Temps,brasserielentretemps@gmail.com,Marseille,Provence-Alpes-Cote d'Azur,France,,,
Chez Fonfon,contact@chez-fonfon.com,Marseille,Provence-Alpes-Cote d'Azur,France,,,
Un Petit Cabanon,cabanon@germani.fr,Marseille,Provence-Alpes-Cote d'Azur,France,,,
La Poule Noire,lapoulenoirerestaurant@gmail.com,Marseille,Provence-Alpes-Cote d'Azur,France,,,
Chez Roger,chezrogermarseille@gmail.com,Marseille,Provence-Alpes-Cote d'Azur,France,,,
Shuriken Sushi,yezhiyang@hotmail.com,Marseille,Provence-Alpes-Cote d'Azur,France,,,
Un Jardin en Ville,restojev@gmail.com,Marseille,Provence-Alpes-Cote d'Azur,France,,,
Cafe Simon,contact@cafesimonmarseille.fr,Marseille,Provence-Alpes-Cote d'Azur,France,,,yes
Cafe Bovo,cafebovo@gmail.com,Marseille,Provence-Alpes-Cote d'Azur,France,,,
Le Siam,lesiamresa@gmail.com,Marseille,Provence-Alpes-Cote d'Azur,France,,,
Hong Kong 2,sunshinebyhk2@gmail.com,Marseille,Provence-Alpes-Cote d'Azur,France,,,
Le Pacifique 2,contact@lepacifique2.com,Marseille,Provence-Alpes-Cote d'Azur,France,,,
L'Esplai du Grand Bar des Goudes,contact@espla.fr,Marseille,Provence-Alpes-Cote d'Azur,France,,,
La Romana Pizza,romain.lahutte@hotmail.fr,Marseille,Provence-Alpes-Cote d'Azur,France,,,
Restaurant Michel,restaurantmichel13@gmail.com,Marseille,Provence-Alpes-Cote d'Azur,France,,,
Cafe Borely,contact@cafeborely.fr,Marseille,Provence-Alpes-Cote d'Azur,France,,,
Tapas Box,tapas-box@orange.fr,Marseille,Provence-Alpes-Cote d'Azur,France,,,
La Veranda Marseille,jean-pierre@storai.fr,Marseille,Provence-Alpes-Cote d'Azur,France,,,
Les Tamaris,restaurantlestamaris@yahoo.fr,Marseille,Provence-Alpes-Cote d'Azur,France,,,
Les Bords de Mer,reservations@lesbordsdemer.com,Marseille,Provence-Alpes-Cote d'Azur,France,,,
Le Vieux Moulin Marseille,contact@restaurantlevieuxmoulin.fr,Marseille,Provence-Alpes-Cote d'Azur,France,,,
Bchef Bordeaux Lac,bchef.bordeauxlac@gmail.com,Bordeaux,Nouvelle-Aquitaine,France,,,
MetSens,contact@metsens.fr,Bordeaux,Nouvelle-Aquitaine,France,,,
Le Davoli,contact@ledavoli.com,Bordeaux,Nouvelle-Aquitaine,France,,,
La Cheminee Royale,lachemineeroyale@gmail.com,Bordeaux,Nouvelle-Aquitaine,France,,,
Yumi Bordeaux,xuanw86@hotmail.fr,Bordeaux,Nouvelle-Aquitaine,France,,,
Le Chapon Fin,laure.turlan@chapon-fin.com,Bordeaux,Nouvelle-Aquitaine,France,,,
Le Plana,leplana@hotmail.fr,Bordeaux,Nouvelle-Aquitaine,France,,,
L'Echoppe a Sushis,cm@planetsushi.fr,Bordeaux,Nouvelle-Aquitaine,France,,,
Osteria Da Luigi,osteriadaluigi@outlook.com,Bordeaux,Nouvelle-Aquitaine,France,,,
P'tit Quebec Cafe,obergequebecoise@gmail.com,Bordeaux,Nouvelle-Aquitaine,France,,,
Le Family,lefamily@bbox.fr,Bordeaux,Nouvelle-Aquitaine,France,,,
Mifan,restaurant.mifan@gmail.com,Bordeaux,Nouvelle-Aquitaine,France,,,
Symbiose,contact@symbiose-bordeaux.fr,Bordeaux,Nouvelle-Aquitaine,France,,,
Le 428,le428.restaurant@gmail.com,Bordeaux,Nouvelle-Aquitaine,France,,,
Le Cafe du Port,contact@lecafeduport.com,Bordeaux,Nouvelle-Aquitaine,France,,,
Ko-San,contact@ko-san.com,Bordeaux,Nouvelle-Aquitaine,France,,,
Le Cabanon Marin,lecabanonmarin@gmail.com,Bordeaux,Nouvelle-Aquitaine,France,,,
L'Exquis,lexquis@sa-astre.com,Bordeaux,Nouvelle-Aquitaine,France,,,
Le 7 Restaurant,contact@le7restaurant.com,Bordeaux,Nouvelle-Aquitaine,France,,,
Quick Bordeaux,frd700@quick.fr,Bordeaux,Nouvelle-Aquitaine,France,,,
Wasabi Cafe,contact@wasabicafe.fr,Bordeaux,Nouvelle-Aquitaine,France,,,
Le Regallien,sarlcoxion@gmail.com,Bordeaux,Nouvelle-Aquitaine,France,,,
Le Two Much,contact@letwomuch.com,Bordeaux,Nouvelle-Aquitaine,France,,,
Le Quatrieme Mur,contact@quatrieme-mur.com,Bordeaux,Nouvelle-Aquitaine,France,,,
Sala Thai Bordeaux,salathaibordeaux@gmail.com,Bordeaux,Nouvelle-Aquitaine,France,,,
Poggetti,contact@poggetti.fr,Bordeaux,Nouvelle-Aquitaine,France,,,
Le Noailles,lenoailles@orange.fr,Bordeaux,Nouvelle-Aquitaine,France,,,
Le Confidentiel Bordeaux,leconfidentielbordeaux@gmail.com,Bordeaux,Nouvelle-Aquitaine,France,,,
Osteria Pizzeria Da Bartolo,osteriadabartolo@yahoo.com,Bordeaux,Nouvelle-Aquitaine,France,,,
Le Gaglio,contact@restaurantgaglio.com,Nice,Provence-Alpes-Cote d'Azur,France,,,
Le Liber'Tea,isabellebaby@marieetcie.fr,Nice,Provence-Alpes-Cote d'Azur,France,,,
Le Grand Chelem,christophe.gorbella@gmail.com,Nice,Provence-Alpes-Cote d'Azur,France,,,
Les Palmiers Nice,restaurantlespalmiers@orange.fr,Nice,Provence-Alpes-Cote d'Azur,France,,,
La Gaiete,andrenallino@gmail.com,Nice,Provence-Alpes-Cote d'Azur,France,,,
Les Sens Nice,les.sens.nice@gmail.com,Nice,Provence-Alpes-Cote d'Azur,France,,,
Vogue d'Asie,voguedasie@outlook.com,Nice,Provence-Alpes-Cote d'Azur,France,,,
Royal Kashmir,leroyalkashmir@gmail.com,Nice,Provence-Alpes-Cote d'Azur,France,,,
Au Rendez Vous des Amis,contact@rdvdesamis.fr,Nice,Provence-Alpes-Cote d'Azur,France,,,
Brasserie L'Union,unionrestaurant@free.fr,Nice,Provence-Alpes-Cote d'Azur,France,,,
Le Cedre Nice,lerestaurantlecedre@gmail.com,Nice,Provence-Alpes-Cote d'Azur,France,,,
Plage Beau Rivage,info@plagenicebeaurivage.com,Nice,Provence-Alpes-Cote d'Azur,France,,,
Hotel Le Royal Nice,infovb@vacancesbleues.com,Nice,Provence-Alpes-Cote d'Azur,France,,,
Le Saint Paul Hotel,reservation@lesaintpaul-hotel.com,Nice,Provence-Alpes-Cote d'Azur,France,,,
La Locanda Boni,restoboni@gmail.com,Nice,Provence-Alpes-Cote d'Azur,France,,,
O'Touns,restaurant@otouns.com,Nice,Provence-Alpes-Cote d'Azur,France,,,yes
Le Ligure,contact@leligure.com,Nice,Provence-Alpes-Cote d'Azur,France,,,
L'Atelier de Julien,latelierdejuliennice@gmail.com,Nice,Provence-Alpes-Cote d'Azur,France,,,
Les Epicuriens Nice,mathey93@hotmail.fr,Nice,Provence-Alpes-Cote d'Azur,France,,,
Ishtar Nice,ishtar.sarl@gmail.com,Nice,Provence-Alpes-Cote d'Azur,France,,,
Le Millesime Nice,contact@restaurant-millesime.fr,Nice,Provence-Alpes-Cote d'Azur,France,,,
L'Antica,lena.antica@gmail.com,Nice,Provence-Alpes-Cote d'Azur,France,,,
Bombay Palace Nice,bombaypalace@msn.com,Nice,Provence-Alpes-Cote d'Azur,France,,,
Hotel Amour Nice,amour@hotelamournice.fr,Nice,Provence-Alpes-Cote d'Azur,France,,,
Le Traiteur du Port,info@traiteurduport.fr,Nice,Provence-Alpes-Cote d'Azur,France,,,
Sentimi,contact@sentimi.fr,Nice,Provence-Alpes-Cote d'Azur,France,,,
Miamici,hello@mi-amici.com,Nice,Provence-Alpes-Cote d'Azur,France,,,
Cecile,commercial.cecilecarmes@gmail.com,Toulouse,Occitanie,France,,,
Le Bombay,lebombay31@gmail.com,Toulouse,Occitanie,France,,,
Tourneflam,bdupoy@gmail.com,Toulouse,Occitanie,France,,,
La Braisiere,contact@labraisiere.fr,Toulouse,Occitanie,France,,,
Okones,contact@okones.fr,Toulouse,Occitanie,France,,,yes
Maymana,contact@maymana.fr,Toulouse,Occitanie,France,,,
Attila Toulouse,restaurantattila837@gmail.com,Toulouse,Occitanie,France,,,
French Paddy La Cantina San-Subra,contact@lacantina-toulouse.fr,Toulouse,Occitanie,France,,,yes
Cabas et Provisions,contact@cabasetprovisions.fr,Toulouse,Occitanie,France,,,yes
Jifu,contact@jifu-restaurant.fr,Toulouse,Occitanie,France,,,
Mona Pizza,monapizza31@gmail.com,Toulouse,Occitanie,France,,,
Bwamoa,bwamoa@gmail.com,Toulouse,Occitanie,France,,,
Le Progres,restaurant.concert.le.progres@gmail.com,Toulouse,Occitanie,France,,,
Peacock Toulouse,peacocktoulouse@gmail.com,Toulouse,Occitanie,France,,,
La Compagnie Francaise,cie@allforyou.fr,Toulouse,Occitanie,France,,,
Pizza Felix,felix34@wanadoo.fr,Toulouse,Occitanie,France,,,
Troika Royal,troikaroyal18@gmail.com,Toulouse,Occitanie,France,,,
Brasserie Les Turres,xavier.feytel@yahoo.fr,Toulouse,Occitanie,France,,,
Les Jardins de l'Opera,contact@lesjardinsdelopera.fr,Toulouse,Occitanie,France,,,
L'Occitania,infos@toulouse-croisieres.com,Toulouse,Occitanie,France,,,
La Table d'Emile et Fernand,restaurantlatabledemile@gmail.com,Toulouse,Occitanie,France,,,
Restaurant Palladia,info@hotelpalladia.com,Toulouse,Occitanie,France,,,
Les P'tits Fayots,lesptitsfayots@gmail.com,Toulouse,Occitanie,France,,,
Brasserie Les Beaux Arts,contact@brasserielesbeauxarts.fr,Toulouse,Occitanie,France,,,
O Cent Couverts,o.cent.couvert@gmail.com,Toulouse,Occitanie,France,,,
Le Bus 111,lebus111.toulouse@gmail.com,Toulouse,Occitanie,France,,,
Restaurant Colette,contact@restaurant-colette.fr,Toulouse,Occitanie,France,,,
Grand Cafe Le Florida,contact@leflorida.fr,Toulouse,Occitanie,France,,,
Le Cardito,lecardito@hotmail.fr,Toulouse,Occitanie,France,,,
Les Fruits de Mer by La Cabane,contact@toulousefruitsdemer.fr,Toulouse,Occitanie,France,,,
La Belle Equipe 1877,belle-equipe@orange.fr,Nantes,Pays de la Loire,France,,,
Le Cambronne Bistrot Chic,contact@lecambronne-bistrotchic.fr,Nantes,Pays de la Loire,France,,,
Le B Nantes,bistrotleb@hotmail.fr,Nantes,Pays de la Loire,France,,,
Melobowls,contact@melobowls.com,Bordeaux,Nouvelle-Aquitaine,France,,,
O P'tit Bahut,optitbahut@laposte.net,Bordeaux,Nouvelle-Aquitaine,France,,,
Le Metropolitain,metropolitainbdx@icloud.com,Bordeaux,Nouvelle-Aquitaine,France,,,
Vin We,restaurantvinwe@yahoo.com,Bordeaux,Nouvelle-Aquitaine,France,,,
Cantina Lino,cantinalino@gmail.com,Bordeaux,Nouvelle-Aquitaine,France,,,
Tentazioni,tentazioni@hotmail.fr,Bordeaux,Nouvelle-Aquitaine,France,,,
Le Clemenceau Bordeaux,contact@leclemenceaubordeaux.fr,Bordeaux,Nouvelle-Aquitaine,France,,,
Petit Mignon,contact@petitmignon.fr,Bordeaux,Nouvelle-Aquitaine,France,,,
Les Fils a Maman Bordeaux,thomas@lesfilsamaman.com,Bordeaux,Nouvelle-Aquitaine,France,,,
Loco by Jem's,locobyjemsrestaurant@gmail.com,Bordeaux,Nouvelle-Aquitaine,France,,,
Le 1925,contact@le1925.fr,Bordeaux,Nouvelle-Aquitaine,France,,,
Siman Bordeaux,contact@siman-bordeaux.com,Bordeaux,Nouvelle-Aquitaine,France,,,
Les Mauvais Garcons,lesmauvaisgarcons.bordeaux@gmail.com,Bordeaux,Nouvelle-Aquitaine,France,,,
Le Chien de Pavlov,contact@lechiendepavlov.com,Bordeaux,Nouvelle-Aquitaine,France,,,
La Mamma Bordeaux,restolamama@gmail.com,Bordeaux,Nouvelle-Aquitaine,France,,,
Phenix d'Or,contact@phenixdor.fr,Bordeaux,Nouvelle-Aquitaine,France,,,
Quartier Libre Bordeaux,programmation@quartierlibrebordeaux.com,Bordeaux,Nouvelle-Aquitaine,France,,,
Le Veneto,venetotourny@gmail.com,Bordeaux,Nouvelle-Aquitaine,France,,,
Le Mandron,restaurant@lemandron.fr,Bordeaux,Nouvelle-Aquitaine,France,,,yes
Le Rajwal,rajwal@live.fr,Bordeaux,Nouvelle-Aquitaine,France,,,
Les Tables Vatel Bordeaux,restaurant.bordeaux@hotelvatel.fr,Bordeaux,Nouvelle-Aquitaine,France,,,
Totto Bistro,contact@tottocucina.com,Bordeaux,Nouvelle-Aquitaine,France,,,yes
Bol de Riz,bolderiz.france@hotmail.com,Bordeaux,Nouvelle-Aquitaine,France,,,
Brasserie L'Orleans,brasserielorleans@orange.fr,Bordeaux,Nouvelle-Aquitaine,France,,,
Le Bistro du Musee,bistrodumusee@wanadoo.fr,Bordeaux,Nouvelle-Aquitaine,France,,,
Guinguette Alriq,guinguettealriq@gmail.com,Bordeaux,Nouvelle-Aquitaine,France,,,
Le Charabia,bistrotlecharabia@gmail.com,Bordeaux,Nouvelle-Aquitaine,France,,,
Comptoir Christoly,george5@orange.fr,Bordeaux,Nouvelle-Aquitaine,France,,,
Coffret de Saveurs,coffretdesaveurs@gmail.com,Bordeaux,Nouvelle-Aquitaine,France,,,
Arkose Bordeaux,contactbordeaux@arkose.com,Bordeaux,Nouvelle-Aquitaine,France,,,
St-Remi Le Chaudron,lechaudronstremi@free.fr,Bordeaux,Nouvelle-Aquitaine,France,,,
Bodega Bodega,contact@bodega-bodega.fr,Bordeaux,Nouvelle-Aquitaine,France,,,
El Chivito,elchivitobordeaux@hotmail.com,Bordeaux,Nouvelle-Aquitaine,France,,,
Laurent L'Epicerie Fine,epicerielaurent@gmail.com,Bordeaux,Nouvelle-Aquitaine,France,,,
Bowl Eat,bowleat33@gmail.com,Bordeaux,Nouvelle-Aquitaine,France,,,
La Dame Food & Club,contact@ladamebordeaux.com,Bordeaux,Nouvelle-Aquitaine,France,,,
Le Bar de la Marine,fcoiffe@gmail.com,Bordeaux,Nouvelle-Aquitaine,France,,,
Fuxia Bordeaux,fuxiabordeaux@gmail.com,Bordeaux,Nouvelle-Aquitaine,France,,,
Pierrot Restaurant,contact@pierrotrestaurant.fr,Bordeaux,Nouvelle-Aquitaine,France,,,
Brasserie Bordelaise,contact@petitvestiaire.fr,Bordeaux,Nouvelle-Aquitaine,France,,,yes
La Crepe d'Angele,lacreperie33@hotmail.fr,Bordeaux,Nouvelle-Aquitaine,France,,,
Sauvages et Associes,lessauvagesbordeaux@gmail.com,Bordeaux,Nouvelle-Aquitaine,France,,,
Santosha Bordeaux,info@santosha.cool,Bordeaux,Nouvelle-Aquitaine,France,,,
La Source Bordeaux,lagmat78@hotmail.com,Bordeaux,Nouvelle-Aquitaine,France,,,
Caviar de Neuvic Bordeaux,contact@caviardeneuvic.com,Bordeaux,Nouvelle-Aquitaine,France,,,
Les Chantiers de la Garonne,contact@leschantiersdelagaronne.camp,Bordeaux,Nouvelle-Aquitaine,France,,,
Restaurant Ma Maison Bordeaux,contactmamaison@sfr.fr,Bordeaux,Nouvelle-Aquitaine,France,,,
La Marmite Traiteur Bordeaux,contact@la-marmite-traiteur.fr,Bordeaux,Nouvelle-Aquitaine,France,,,
Ici La Terre,contact@icilaterre.net,Bordeaux,Nouvelle-Aquitaine,France,,,yes
L'Albizzia,albizzia33@gmail.com,Bordeaux,Nouvelle-Aquitaine,France,,,
Bistrot Regent Bordeaux,didiermendez@sfr.fr,Bordeaux,Nouvelle-Aquitaine,France,,,
Que Toi s'emporte,contact.quetoi@gmail.com,Bordeaux,Nouvelle-Aquitaine,France,,,
Sans Pression Bordeaux,h1281-fb@accor.com,Bordeaux,Nouvelle-Aquitaine,France,,,
La Belle Saison Bordeaux,contact@labellesaison.camp,Bordeaux,Nouvelle-Aquitaine,France,,,
China Wok Bordeaux,sereivan@yahoo.com,Bordeaux,Nouvelle-Aquitaine,France,,,
Madonna Me,sa.madonname@gmail.com,Bordeaux,Nouvelle-Aquitaine,France,,,
Babette Bordeaux,bordeaux@babette-conceptstore.com,Bordeaux,Nouvelle-Aquitaine,France,,,
Le Missada,contactlemissada@gmail.com,Bordeaux,Nouvelle-Aquitaine,France,,,
Le Cafe Maritime,contactbordeaux@cafemaritime.com,Bordeaux,Nouvelle-Aquitaine,France,,,
Le Marrakech Bordeaux,chebrani@hotmail.fr,Bordeaux,Nouvelle-Aquitaine,France,,,
Le Cafe Francais,lecafefrancaisbx@gmail.com,Bordeaux,Nouvelle-Aquitaine,France,,,
Le Gabriel Bordeaux,contact@bordeaux-gabriel.fr,Bordeaux,Nouvelle-Aquitaine,France,,,
La Boca Food Court,privatisation@labocafoodcourt.eu,Bordeaux,Nouvelle-Aquitaine,France,,,
L'Atelier du Pizzaiolo,latpizzaiolo@gmail.com,Bordeaux,Nouvelle-Aquitaine,France,,,
Hotel Le Chantry,contact@chantry-bordeaux.com,Bordeaux,Nouvelle-Aquitaine,France,,,
Cent 33,bonjour@cent33.com,Bordeaux,Nouvelle-Aquitaine,France,,,
La Terrasse Saint Pierre,contact@laterrassesaintpierre.com,Bordeaux,Nouvelle-Aquitaine,France,,,
Villa Ferretti,contact@casa-ferretti.fr,Bordeaux,Nouvelle-Aquitaine,France,,,
Foodji,foodji33@gmail.com,Bordeaux,Nouvelle-Aquitaine,France,,,
La Grande Poste Bordeaux,contact@lagrandeposte.com,Bordeaux,Nouvelle-Aquitaine,France,,,
Marcipizza,marcipizza33@gmail.com,Bordeaux,Nouvelle-Aquitaine,France,,,
La Boucherie Bordeaux Meriadeck,bordeauxmeriadeck@la-boucherie.fr,Bordeaux,Nouvelle-Aquitaine,France,,,
Cafe Gourmand Bordeaux,cafegourmand33@gmail.com,Bordeaux,Nouvelle-Aquitaine,France,,,
Le Beau Lieu Espace Beaulieu,contact@espacebeaulieu.fr,Bordeaux,Nouvelle-Aquitaine,France,,,
La Folie Rouge,bonjourlafolierouge@gmail.com,Bordeaux,Nouvelle-Aquitaine,France,,,
La Fine Bouche,lafinebouche33@gmail.com,Bordeaux,Nouvelle-Aquitaine,France,,,
Le Comptoir de Seze,contact@hotel-de-seze.com,Bordeaux,Nouvelle-Aquitaine,France,,,
Bodega El Pata Negra,bodegaelpatanegra@gmail.com,Bordeaux,Nouvelle-Aquitaine,France,,,
N Cafe Les Decantes,contact@lesdecantes.com,Bordeaux,Nouvelle-Aquitaine,France,,,
Sanook Street Food,restaurant@somsanook.com,Nice,Provence-Alpes-Cote d'Azur,France,,,yes
Monsigny Hotel Nice,info@hotelmonsignynice.com,Nice,Provence-Alpes-Cote d'Azur,France,,,
Gynza,contact@gynza.fr,Nice,Provence-Alpes-Cote d'Azur,France,,,yes
Lobsta Nice,contact@lobsta.fr,Nice,Provence-Alpes-Cote d'Azur,France,,,
Tandoori Flame,contact@tandooriflame.fr,Nice,Provence-Alpes-Cote d'Azur,France,,,
Plage Bella Nissa,plage.bella.nissa@gmail.com,Nice,Provence-Alpes-Cote d'Azur,France,,,
La Reserve de Nice,contact@lareservedenice.fr,Nice,Provence-Alpes-Cote d'Azur,France,,,
Chez Mireille Nice,restaurantchezmireille@gmail.com,Nice,Provence-Alpes-Cote d'Azur,France,,,
Deli Bo,info@delibo.fr,Nice,Provence-Alpes-Cote d'Azur,France,,,
La Petite Tendance,contact@lapetitetendance.com,Nice,Provence-Alpes-Cote d'Azur,France,,,yes
La Favola,info@boccaccio-nice.com,Nice,Provence-Alpes-Cote d'Azur,France,,,
Chez Andre Nice,coquillagesandre@yahoo.fr,Nice,Provence-Alpes-Cote d'Azur,France,,,
Terra Madre Nice,terramadrenice@gmail.com,Nice,Provence-Alpes-Cote d'Azur,France,,,
Le Plongeoir,contact@leplongeoir.com,Nice,Provence-Alpes-Cote d'Azur,France,,,
L'Ane Rouge,anerouge@free.fr,Nice,Provence-Alpes-Cote d'Azur,France,,,
L'Authentique Pizzeria,lauthentiquepizzeria@gmail.com,Nice,Provence-Alpes-Cote d'Azur,France,,,
Pizza All Over World,pizzaworld.nice@gmail.com,Nice,Provence-Alpes-Cote d'Azur,France,,,
La Langouste Nice,contact@lalangouste.fr,Nice,Provence-Alpes-Cote d'Azur,France,,,
Calade Rooftop,contact@calade-rooftop-restaurant.com,Nice,Provence-Alpes-Cote d'Azur,France,,,
Z Restaurant Tapas,contact@zrestauranttapas.com,Nice,Provence-Alpes-Cote d'Azur,France,,,
Palette Cafes,reservations@palettecafes.com,Nice,Provence-Alpes-Cote d'Azur,France,,,yes
West End Nice,restaurant@westendnice.com,Nice,Provence-Alpes-Cote d'Azur,France,,,
Hotel Ibis Nice Aeroport,h0749@accor.com,Nice,Provence-Alpes-Cote d'Azur,France,,,
Le Vingt4,contact@levingt4.fr,Nice,Provence-Alpes-Cote d'Azur,France,,,
Chez Pipo,contact@chezpipo.fr,Nice,Provence-Alpes-Cote d'Azur,France,,,
Poke Nice,pokenice.fr@gmail.com,Nice,Provence-Alpes-Cote d'Azur,France,,,
Restaurant Davia,pierre.altobelli@hotmail.com,Nice,Provence-Alpes-Cote d'Azur,France,,,
Bistro K Nice,bistro-k@orange.fr,Nice,Provence-Alpes-Cote d'Azur,France,,,
La Trattoria Nice,contact@it-trattoria.com,Nice,Provence-Alpes-Cote d'Azur,France,,,
Bootgrill,commandes@bootgrill.fr,Nice,Provence-Alpes-Cote d'Azur,France,,,yes
By PM l'Atelier,contact@bypm.fr,Nice,Provence-Alpes-Cote d'Azur,France,,,
Euro Pizza Nice,europizzanice@orange.fr,Nice,Provence-Alpes-Cote d'Azur,France,,,
Les Deux Canailles,restaurant@lesdeuxcanailles.com,Nice,Provence-Alpes-Cote d'Azur,France,,,
Terres de Truffes,terresdetruffes.nice@wanadoo.fr,Nice,Provence-Alpes-Cote d'Azur,France,,,
Sushi Lune,sushi.lune@yahoo.fr,Nice,Provence-Alpes-Cote d'Azur,France,,,
Aux Deux Chefs,sandubois@hotmail.fr,Nice,Provence-Alpes-Cote d'Azur,France,,,
Maori Tribe,lemaoriclub@gmail.com,Nice,Provence-Alpes-Cote d'Azur,France,,,
Flaveur,reservation@flaveur.net,Nice,Provence-Alpes-Cote d'Azur,France,,,
Casa Leya,marion@casaleya.com,Nice,Provence-Alpes-Cote d'Azur,France,,,
Joya Lifestore,bonjour@joyalifestore.com,Nice,Provence-Alpes-Cote d'Azur,France,,,
Le Sejour Nice,le-sejour-nice@orange.fr,Nice,Provence-Alpes-Cote d'Azur,France,,,
Chefoo,yubing@hotmail.fr,Nice,Provence-Alpes-Cote d'Azur,France,,,
Kililie's Resto Brunch,kililies@hotmail.fr,Nice,Provence-Alpes-Cote d'Azur,France,,,
Cuisine des Iles Nice,andrianaly06@gmail.com,Nice,Provence-Alpes-Cote d'Azur,France,,,
Le Comptoir Bio Nice,traiteur@le-comptoir-bio.fr,Nice,Provence-Alpes-Cote d'Azur,France,,,
Tone Georgien,tonegeorgien@gmail.com,Nice,Provence-Alpes-Cote d'Azur,France,,,
Di Piu Nice,contact@screstaurants.fr,Nice,Provence-Alpes-Cote d'Azur,France,,,
Cave de la Tour,cavedelatour47@gmail.com,Nice,Provence-Alpes-Cote d'Azur,France,,,
Cafe de Turin,contact@cafedeturin.fr,Nice,Provence-Alpes-Cote d'Azur,France,,,
Fjord Nice,contact@fjord.fr,Nice,Provence-Alpes-Cote d'Azur,France,,,
Don Carlo Nice,gestion.srd@gmail.com,Nice,Provence-Alpes-Cote d'Azur,France,,,
Le Terre del Sud,leterredelsud@hotmail.com,Nice,Provence-Alpes-Cote d'Azur,France,,,
Bistro Regent Nice,bistroregentnice@gmail.com,Nice,Provence-Alpes-Cote d'Azur,France,,,
Le Boudoir Nice,leboudoir.nice@gmail.com,Nice,Provence-Alpes-Cote d'Azur,France,,,
Arito Sushi,info@arito-sushi.com,Nice,Provence-Alpes-Cote d'Azur,France,,,
Villa Paradis Nice,villaparadis6@gmail.com,Nice,Provence-Alpes-Cote d'Azur,France,,,
Lou Balico,info@loubalico.com,Nice,Provence-Alpes-Cote d'Azur,France,,,
Le Grand Cafe de France,rina.restaurants@gmail.com,Nice,Provence-Alpes-Cote d'Azur,France,,,
Jadis Nice,contact@jadisnice.fr,Nice,Provence-Alpes-Cote d'Azur,France,,,
L'Orso Italiano,info@lorsoitaliano.com,Toulouse,Occitanie,France,,,
Cafe A La Une,zazaetcompagnie@yahoo.fr,Toulouse,Occitanie,France,,,
Le Lusso,contact@lelusso.com,Toulouse,Occitanie,France,,,
Chez Emile Toulouse,restaurant-emile@wanadoo.fr,Toulouse,Occitanie,France,,,
Vents d'Est,ventsdesr31@orange.fr,Toulouse,Occitanie,France,,,
Chez Ingalls,chezingalls@orange.fr,Toulouse,Occitanie,France,,,
L'Atelier des Plats,latelierdesplats@gmail.com,Toulouse,Occitanie,France,,,
Les Caves de la Marechale,contact@lescavesdelamarechale.com,Toulouse,Occitanie,France,,,
Resto'parc Balma,restoparcbalma@gmail.com,Balma,Occitanie,France,,,
O'frero Pizza,dusart.pizza@gmail.com,Toulouse,Occitanie,France,,,
Les Jardins d'Elyssa,touati_othman@yahoo.fr,Toulouse,Occitanie,France,,,
Le Saint Honest,lesainthonest@hotmail.com,Toulouse,Occitanie,France,,,
J'GO Toulouse Victor Hugo,toulouse@lejgo.com,Toulouse,Occitanie,France,,,
Blanc Traiteur Toulouse,contact@blanctraiteur.fr,Toulouse,Occitanie,France,,,
Le Cantou,le.cantou@orange.fr,Toulouse,Occitanie,France,,,
La Brasserie du Stade,brasserie@stadetoulousain.fr,Toulouse,Occitanie,France,,,
Au Pois Gourmand,contact@pois-gourmand.fr,Toulouse,Occitanie,France,,,
Cafe Francis Toulouse,reservation@cafe-francis-toulouse.fr,Toulouse,Occitanie,France,,,yes
Pizza de l'Ormeau,contact@pizzadelormeau.com,Toulouse,Occitanie,France,,,
La Cave se Rebiffe,lacaveserebiffe31@gmail.com,Toulouse,Occitanie,France,,,
Carson City Toulouse,isabelle.quidelleur@orange.fr,Toulouse,Occitanie,France,,,
Chez Moi Toulouse,bonjour@chezmoi.fr,Toulouse,Occitanie,France,,,
Le Bon Vivre,groupes@lebonvivre.com,Toulouse,Occitanie,France,,,
Brasserie du Faubourg Saint-Simon,brasseriesaintsimon@gmail.com,Toulouse,Occitanie,France,,,
Cafe Authie,contact@cafeauthie.com,Toulouse,Occitanie,France,,,yes
Le Cosmopolitain Toulouse,reservation@cosmopolitain-restaurant.fr,Toulouse,Occitanie,France,,,
Le Marrakech Toulouse,fati1405@hotmail.fr,Toulouse,Occitanie,France,,,
La Criee des Gourmands,lacrieedesgourmands.toulouse@gmail.com,Toulouse,Occitanie,France,,,
La Cuisine a Meme,cuisineameme@gmail.com,Toulouse,Occitanie,France,,,
Campanile Toulouse Sesquieres,toulouse.sesquieres@campanile.fr,Toulouse,Occitanie,France,,,
Michel Sarran,contact@michel-sarran.com,Toulouse,Occitanie,France,,,
Le Pain et la Rose,reservation@lepainetlarose.fr,Toulouse,Occitanie,France,,,yes
Brasserie Le Capoul,brasserie.lecapoul@gmail.com,Toulouse,Occitanie,France,,,
Aux Pieds Sous la Table,contact@auxpiedssouslatable.fr,Toulouse,Occitanie,France,,,
Le Grand Balcon,contact@legrandbalcon.net,Toulouse,Occitanie,France,,,
Le Colombier Toulouse,colombier.r@wanadoo.fr,Toulouse,Occitanie,France,,,
Officina Gusto,info@officinagusto.com,Toulouse,Occitanie,France,,,
Rotisserie Gringuigni,contact@rotisseriegringuigni.fr,Toulouse,Occitanie,France,,,yes
La Gourmandine Toulouse,contact@la-gourmandine.fr,Toulouse,Occitanie,France,,,
Le Bistroquet a La Une,contact@lacantinealaune.com,Toulouse,Occitanie,France,,,
Chez Jeannot Toulouse,contact@chezjeannot-restaurant.fr,Toulouse,Occitanie,France,,,
Les Mascareignes,nadia@lesmascareignes.fr,Toulouse,Occitanie,France,,,
Royal Buffet Toulouse,royalbuffet@orange.fr,Toulouse,Occitanie,France,,,
Long Quan,francois.vong@gmail.com,Toulouse,Occitanie,France,,,
Saveurs Veganes,saveurbio@wanadoo.fr,Toulouse,Occitanie,France,,,
Forno Gusto,ciao@fornogusto.com,Toulouse,Occitanie,France,,,
La Panetiere Toulouse,ericdu0935@gmail.com,Toulouse,Occitanie,France,,,
Le Cri de la Truffe,restaurant.cridelatruffe@gmail.com,Toulouse,Occitanie,France,,,
Redstar Pizza,vivian-cotton@sfr.fr,Toulouse,Occitanie,France,,,
Le Faubourg Toulouse,faubourg@wanadoo.fr,Toulouse,Occitanie,France,,,
Must Tacos,kamel.benammar17@gmail.com,Toulouse,Occitanie,France,,,
Le Pave des Minimes,contact@lepavedesminimes.com,Toulouse,Occitanie,France,,,
Les Jardins de l'Olympe,contact@lesjardinsdelolympe.com,Toulouse,Occitanie,France,,,
Grain de Folie Toulouse,contact@graindefolierestaurant.com,Toulouse,Occitanie,France,,,
Mes Amis Les Copains,contact@lescopains.fr,Toulouse,Occitanie,France,,,
Le Gandhi Toulouse,restaurantlegandhi@orange.fr,Toulouse,Occitanie,France,,,
Le Saint Simon Toulouse,arnaud.larregain11@orange.fr,Toulouse,Occitanie,France,,,
La Venus Toulouse,contact@lavenus-toulouse.com,Toulouse,Occitanie,France,,,
Brasserie Grand Cafe de l'Opera,contact@brasserieopera.com,Toulouse,Occitanie,France,,,
Le Pic Saint Loup Toulouse,contact@restaurantlepicsaintloup.com,Toulouse,Occitanie,France,,,
Le Vauquelin,le-vauquelin@orange.fr,Toulouse,Occitanie,France,,,
Le Marocain Toulouse,contact@le-marocain.fr,Toulouse,Occitanie,France,,,
My Breakfast Toulouse,oliviertx1@yahoo.fr,Toulouse,Occitanie,France,,,
Le Rajmoni,lerajmoni@gmail.com,Toulouse,Occitanie,France,,,
La Gouaille,lagouaille.service@gmail.com,Toulouse,Occitanie,France,,,
Bistrot Le Chevillard,lechevillardtoulouse@gmail.com,Toulouse,Occitanie,France,,,
Asian Kanteen,manager@asiankanteen.com,Toulouse,Occitanie,France,,,
La Paniolade,johann.fel@sfr.fr,Toulouse,Occitanie,France,,,
Marmite des Iles,contact@marmitesdesiles.com,Toulouse,Occitanie,France,,,
Le Moderne Toulouse,patriciaalaux@gmail.com,Toulouse,Occitanie,France,,,
La Voile Blanche,contact@lavoile-blanche.fr,Toulouse,Occitanie,France,,,
Le Break Toulouse,lebreaktoulouse@gmail.com,Toulouse,Occitanie,France,,,
L'Esprit Blanc,reservation@georgesblanc.com,Lyon,Auvergne-Rhone-Alpes,France,,,
Chez Carlo,cordeliers@chezcarlo.fr,Lyon,Auvergne-Rhone-Alpes,France,,,
La Maison Lyon,contact@lamaisonrestaurant.fr,Lyon,Auvergne-Rhone-Alpes,France,,,
L'Alexandrin,rigal.corine@neuf.fr,Lyon,Auvergne-Rhone-Alpes,France,,,
Restaurant Brunet,restaurantbrunet@gmail.com,Lyon,Auvergne-Rhone-Alpes,France,,,
L'Atelier des Augustins,contact@latelierdesaugustins.com,Lyon,Auvergne-Rhone-Alpes,France,,,
Bar L'Habit Rouge,meriehuguette@hotmail.fr,Lyon,Auvergne-Rhone-Alpes,France,,,
L'Atelier des Saveurs Lyon,atelierdessaveurs69@gmail.com,Lyon,Auvergne-Rhone-Alpes,France,,,
Cafe des Federations,lesfedeslyon@lesfedeslyon.com,Lyon,Auvergne-Rhone-Alpes,France,,,
La Mere Lea,lecomptoirdelea@lamerelea.com,Lyon,Auvergne-Rhone-Alpes,France,,,
AOC Les Halles de Lyon,contact@aoc-halles-de-lyon.fr,Lyon,Auvergne-Rhone-Alpes,France,,,
Le Ravigote,leravigote@gmail.com,Lyon,Auvergne-Rhone-Alpes,France,,,
Le Petit Carron,contact@lepetitcarron.fr,Lyon,Auvergne-Rhone-Alpes,France,,,yes
Grand Cafe des Negociants,negociants@lesnegociants.com,Lyon,Auvergne-Rhone-Alpes,France,,,
La Fabryk Lyon,lyon8@la-fabryk.fr,Lyon,Auvergne-Rhone-Alpes,France,,,
Pasta Bianca,efoglio@pilowa.fr,Villefranche-sur-Saone,Auvergne-Rhone-Alpes,France,,,
Le Loft L'Isle-Adam,leloft.lisleadam@gmail.com,L'Isle-Adam,Ile-de-France,France,,,
L'Atelier Vagner,contact.ateliervagner@gmail.com,L'Isle-Adam,Ile-de-France,France,,,
Le Cabouillet,lecabouillet.lia@orange.fr,L'Isle-Adam,Ile-de-France,France,,,
Le Petit Nogent,chloe@lepetitnogent.restaurant,L'Isle-Adam,Ile-de-France,France,,,yes
La Table de la Villa,info@lavilladeleecluse.fr,L'Isle-Adam,Ile-de-France,France,,,yes
Ca d'Oro L'Isle-Adam,jeyeitha@yahoo.fr,L'Isle-Adam,Ile-de-France,France,,,
Le Restaurant de la Plage L'Isle-Adam,aurelienrdlp@free.fr,L'Isle-Adam,Ile-de-France,France,,,
La Table de Cassan,mathieu.silvestre@wanadoo.fr,L'Isle-Adam,Ile-de-France,France,,,
Bistrot Saint Florent,bistrotsaintflorent@lilo.org,Strasbourg,Grand Est,France,,,
Le Sultan Strasbourg,infos.lesultan@gmail.com,Strasbourg,Grand Est,France,,,
Hotel Regent Petite France,restaurant@regent-petite-france.com,Strasbourg,Grand Est,France,,,
Tamil Strasbourg,reservation@restaurant-tamil.fr,Strasbourg,Grand Est,France,,,
Gurtlerhoft,gurtlerhoft@orange.fr,Strasbourg,Grand Est,France,,,
Maharaja Strasbourg,contact@maharaja.fr,Strasbourg,Grand Est,France,,,
La Case de l'Isle Bourbon,contact@la-case-de-lile-bourbon.fr,Strasbourg,Grand Est,France,,,yes
Sandkischt,restaurant@sandkischt.fr,Strasbourg,Grand Est,France,,,
Meiselocker,contact@meiselocker.fr,Strasbourg,Grand Est,France,,,
S'Muensterstuewel,winstub.lalsako@gmail.com,Strasbourg,Grand Est,France,,,
Velicious,contact@velicious.fr,Strasbourg,Grand Est,France,,,
L'Atelier Strasbourg,ateliercaferesto@wanadoo.fr,Strasbourg,Grand Est,France,,,
Maison Kammerzell,info@maison-kammerzell.com,Strasbourg,Grand Est,France,,,
Pizza Renard,pizzarenard@hotmail.fr,Strasbourg,Grand Est,France,,,
Le Tigre Strasbourg,contact@letigre.eu,Strasbourg,Grand Est,France,,,
La Fleur de Chine,choudenamoi@live.fr,Strasbourg,Grand Est,France,,,
Le Stras,lestrasrestaurant@gmail.com,Strasbourg,Grand Est,France,,,
Au Crocodile,contact@au-crocodile.com,Strasbourg,Grand Est,France,,,
Il Girasole Strasbourg,rest.ilgirasole@gmail.com,Strasbourg,Grand Est,France,,,
Le Kuhn,contact@lekuhn.com,Strasbourg,Grand Est,France,,,
Cinnamon Strasbourg,contact@cinnamonrestaurant.fr,Strasbourg,Grand Est,France,,,
Shahi Mahal Strasbourg,shahimahal@outlook.fr,Strasbourg,Grand Est,France,,,
Le Banquet des Sophistes,contact@le-banquet.com,Strasbourg,Grand Est,France,,,
Asie Wok Strasbourg,asiewok67@gmail.com,Strasbourg,Grand Est,France,,,
Brasserie de la Bourse,info@rdlb.fr,Strasbourg,Grand Est,France,,,
Auberge Illbourg,info@auberge-illbourg.com,Strasbourg,Grand Est,France,,,
Campanile Strasbourg Lingolsheim,strasbourg.lingolsheim@campanile.fr,Strasbourg,Grand Est,France,,,
Restaurant Colbert Strasbourg,contact@restaurant-colbert.com,Strasbourg,Grand Est,France,,,
La Choucrouterie,restaurant@choucrouterie.com,Strasbourg,Grand Est,France,,,
La Chaine d'Or,info@chainedor.fr,Strasbourg,Grand Est,France,,,
Comfort Hotel Strasbourg,comfort.fr237@wanadoo.fr,Strasbourg,Grand Est,France,,,
Restaurant Oberjaegerhof,oberjaegerhof@free.fr,Strasbourg,Grand Est,France,,,
L'Hacienda Strasbourg,info@hacienda-strasbourg.com,Strasbourg,Grand Est,France,,,yes
Le Transsiberien,letranssiberien@hotmail.com,Strasbourg,Grand Est,France,,,
Aux 12 Apotres,contact@aux12apotres.com,Strasbourg,Grand Est,France,,,
Les Funambules Strasbourg,restaurantlesfunambules@gmail.com,Strasbourg,Grand Est,France,,,
Emporio Di Casella,contact@emporiocasella.fr,Strasbourg,Grand Est,France,,,
L'Oignon,contact@restaurantloignon.fr,Strasbourg,Grand Est,France,,,
Le Tire Bouchon Strasbourg,reservation@letirebouchon.fr,Strasbourg,Grand Est,France,,,
La Grappa Strasbourg,restaurantlagrappa@gmail.com,Strasbourg,Grand Est,France,,,
Le Bartholdi,contact@brasserie-bartholdi.fr,Strasbourg,Grand Est,France,,,
Le Semis,lesemis.strasbourg@gmail.com,Strasbourg,Grand Est,France,,,
Paco de Maria,contact@pacodemaria.fr,Strasbourg,Grand Est,France,,,
Le Pont des Vosges,resa@lepontdesvosges.fr,Strasbourg,Grand Est,France,,,
Hotel Au Cerf d'Or,reservation@cerf-dor-strasbourg.fr,Strasbourg,Grand Est,France,,,
Brasserie du Scala,restaurantlescala@orange.fr,Strasbourg,Grand Est,France,,,
L'Auberge du Cygne,info@cygne-eschau.com,Eschau,Grand Est,France,,,
Le Violon d'Ingres Strasbourg,pauline.taboureaucontact@gmail.com,Strasbourg,Grand Est,France,,,
Le Cannibale,contact@restaurant-le-cannibale.fr,Strasbourg,Grand Est,France,,,
Les Garnements,contact@les-garnements.fr,Strasbourg,Grand Est,France,,,
Hotel des Rohan Strasbourg,info@hotel-rohan.com,Strasbourg,Grand Est,France,,,
Elite Steakhouse,contact.elitesteakhouse@gmail.com,Strasbourg,Grand Est,France,,,
Aux Magots,auxmagots@yahoo.com,Strasbourg,Grand Est,France,,,
La Coccinelle Strasbourg,restaurantlacoccinelle@gmail.com,Strasbourg,Grand Est,France,,,
Le Dix Strasbourg,contact@restaurantledix.com,Strasbourg,Grand Est,France,,,
La Cuiller a Pot,restaurant.lacuillerapot@orange.fr,Strasbourg,Grand Est,France,,,
Cafe Brant,info@cafe-brant.fr,Strasbourg,Grand Est,France,,,
Hotel Graffalgar,contact@graffalgar.com,Strasbourg,Grand Est,France,,,
Vino Strada Stub,vinostrada.stub@gmail.com,Strasbourg,Grand Est,France,,,
Brasserie Flo Strasbourg,contact@floderer-strasbourg.com,Strasbourg,Grand Est,France,,,
Hilton Strasbourg,info@hiltonstrasbourg.com,Strasbourg,Grand Est,France,,,
La Casserole Strasbourg,info@la-casserole.fr,Strasbourg,Grand Est,France,,,
Aedaen Place,contact@aedaen-place.com,Strasbourg,Grand Est,France,,,
Le Pont Saint Martin,info@pont-saint-martin.com,Strasbourg,Grand Est,France,,,
Maison des Tanneurs,maison.des.tanneurs@wanadoo.fr,Strasbourg,Grand Est,France,,,
Le Baeckeoffe d'Alsace,info@baeckeoffe.com,Strasbourg,Grand Est,France,,,
Le Resto du Coin,contact@lerestoducoin.fr,Strasbourg,Grand Est,France,,,
Au Cedre Strasbourg,contact@au-cedre.com,Strasbourg,Grand Est,France,,,
Les Innocents Strasbourg,contact@les-innocents.fr,Strasbourg,Grand Est,France,,,
La Vignette Strasbourg,contact@restaurantlavignette.fr,Strasbourg,Grand Est,France,,,
Le Bistronome Strasbourg,le.bistronome@yahoo.fr,Strasbourg,Grand Est,France,,,
Le 1741,boudoir@1741.fr,Strasbourg,Grand Est,France,,,
La Rotonde Strasbourg,info@restaurantlarotonde.fr,Strasbourg,Grand Est,France,,,
Chez l'Oncle Freddy,chezlonclefreddy@icloud.com,Strasbourg,Grand Est,France,,,
Bistrot des Tanneurs,contact@bistrotdestanneurs.fr,Strasbourg,Grand Est,France,,,yes
A l'Ancienne Douane,reservation@anciennedouane.fr,Strasbourg,Grand Est,France,,,
Strissel,info@strissel.fr,Strasbourg,Grand Est,France,,,
Tony's Kitchen,contact@tonyskitchen.fr,Strasbourg,Grand Est,France,,,
Boma Le Restaurant,hello@boma-hotel.com,Strasbourg,Grand Est,France,,,
Villa Medicis Strasbourg,info@villamedicis-strasbourg.com,Strasbourg,Grand Est,France,,,
Le Picobello,lepicobello@hotmail.fr,Strasbourg,Grand Est,France,,,
S'Wacke Hiesel,contact@lemannele.fr,Strasbourg,Grand Est,France,,,
Au Coq Blanc,contact@au-coq-blanc.fr,Strasbourg,Grand Est,France,,,
Restaurant Beyrouth Strasbourg,restaurantbeyrouth@hotmail.com,Strasbourg,Grand Est,France,,,
Le Gruber,contact@legruber.com,Strasbourg,Grand Est,France,,,
Le Bistrot d'Antoine Strasbourg,contact@lebistrotdantoine.com,Strasbourg,Grand Est,France,,,
Cafe Bale,contact@cafebale.com,Strasbourg,Grand Est,France,,,
Santa Elena Strasbourg,santaelenastrasbourg@gmail.com,Strasbourg,Grand Est,France,,,
Aux Armes de Strasbourg,contact@auxarmesdestrasbourg.com,Strasbourg,Grand Est,France,,,
Au Clou,winstubleclou@gmail.com,Strasbourg,Grand Est,France,,,
Buerehiesel,contact@buerehiesel.fr,Strasbourg,Grand Est,France,,,
La Plouzinette,laplouzinette@gmail.com,Strasbourg,Grand Est,France,,,
Ibis Styles Strasbourg,h9568@accor.com,Strasbourg,Grand Est,France,,,
La Calabrese Strasbourg,chantal.beyhurst@gmail.com,Strasbourg,Grand Est,France,,,
La Laguna Strasbourg,lalagunastrasbourg@gmail.com,Strasbourg,Grand Est,France,,,
Maison Rouge Strasbourg,info@maison-rouge.com,Strasbourg,Grand Est,France,,,
Saga Pizza,contact@lasagadespizzas.fr,Marseille,Provence-Alpes-Cote d'Azur,France,,,
Chez Jeannot Marseille,contact@pizzeriajeannot.com,Marseille,Provence-Alpes-Cote d'Azur,France,,,
Le Pallavicini,kevin.kem@hotmail.fr,Marseille,Provence-Alpes-Cote d'Azur,France,,,
Casa Pizza Marseille,contact@pizzamarseille.fr,Marseille,Provence-Alpes-Cote d'Azur,France,,,
U Papachjone,daldo13009@gmail.com,Marseille,Provence-Alpes-Cote d'Azur,France,,,
Pizza Chez Puce,pizza.puce@hotmail.com,Tassin-la-Demi-Lune,Auvergne-Rhone-Alpes,France,,,
L'Italiano Vero,litalianovero.lyon@gmail.com,Lyon,Auvergne-Rhone-Alpes,France,,,
Chez Carlo Gerland,gerland@chezcarlo.fr,Lyon,Auvergne-Rhone-Alpes,France,,,
L'Assiette Autour du Vin,contact@lassietteautourduvin.com,Lyon,Auvergne-Rhone-Alpes,France,,,yes
Pizza Mongelli Saint-Cyprien,stcyprien@pizza-mongelli.com,Toulouse,Occitanie,France,,,
Bella Pizzeria Toulouse,bellapizzeriatoulouse@gmail.com,Toulouse,Occitanie,France,,,
Pizza Bonici,marketingbonici@gmail.com,Toulouse,Occitanie,France,,,
Pizzeria Lopez,contact@pizzeria-lopez.fr,Saint-Jean,Occitanie,France,,,yes
Le Bellini Toulouse,contact@pizzeriabellini.fr,Toulouse,Occitanie,France,,,yes
Pizza On Time,contact@pizzatimefrance.fr,Toulouse,Occitanie,France,,,
Tutti Pizza Saint-Martin-du-Touch,info@tutti-pizza.com,Toulouse,Occitanie,France,,,
TLS Pizza,31pizz@gmail.com,Toulouse,Occitanie,France,,,
A L'Italienne Toulouse,donpizzatoulouse31@gmail.com,Toulouse,Occitanie,France,,,
Star Pizza Strasbourg,contact@starpizza.fr,Strasbourg,Grand Est,France,,,
Le Rimini Strasbourg,alidolanbay1@gmail.com,Strasbourg,Grand Est,France,,,
L'Auberge des Canuts,resto.aubergedescanuts@gmail.com,Lyon,Auvergne-Rhone-Alpes,France,,,
Le Pearl,bar.lepearl@gmail.com,Lille,Hauts-de-France,France,,,
Le Poisson Roux,nicolas.pourcheresse@gmail.com,Lille,Hauts-de-France,France,,,
Restaurant IMA,contact@ima.restaurant,Rennes,Bretagne,France,,,
Acqua e Farina Dijon,acquafarinaca@gmail.com,Dijon,Bourgogne-Franche-Comte,France,,,
Pizza Smile Dijon,aligarroumy@yahoo.fr,Dijon,Bourgogne-Franche-Comte,France,,,
La Via Emilia,contact@la-via-emilia.fr,Grenoble,Auvergne-Rhone-Alpes,France,,,
L'Anecdote Le Havre,reservations@restaurantlanecdote.fr,Le Havre,Normandie,France,,,
L'Assiette de Leo,batedex@gmail.com,Reims,Grand Est,France,,,
La Locanda Comptoir Italien Nimes,contact30@lalocandafamily.com,Nimes,Occitanie,France,,,
La Locanda Comptoir Italien Montpellier,contact34@lalocandafamily.com,Montpellier,Occitanie,France,,,
